SALE TYPE,SOLD DATE,PROPERTY TYPE,ADDRESS,CITY,STATE OR PROVINCE,ZIP OR POSTAL CODE,PRICE,BEDS,BATHS,LOCATION,SQUARE FEET,LOT SIZE,YEAR BUILT,DAYS ON MARKET,$/SQUARE FEET,HOA/MONTH,STATUS,NEXT OPEN HOUSE START TIME,NEXT OPEN HOUSE END TIME,URL (SEE http://www.redfin.com/buy-a-home/comparative-market-analysis FOR INFO ON PRICING),SOURCE,MLS#,FAVORITE,INTERESTED,LATITUDE,LONGITUDE
PAST SALE,March-8-2018,Single Family Residential,613 Marion Pl,PALO ALTO,CA,94301,3300000,5,3.0,PALO ALTO,2368,7646,1955,504,1394,,Sold,,,http://www.redfin.com/CA/Palo-Alto/613-Marion-Pl-94301/home/563110,MLSListings,ML81692470,N,Y,37.4342584,-122.1334211
PAST SALE,,Single Family Residential,850 Richardson Ct,Palo Alto,CA,94303,1320000,4,2.0,,1867,6994,1956,,707,,,,,http://www.redfin.com/CA/Palo-Alto/850-Richardson-Ct-94303/home/1526672,,,N,Y,37.4312626,-122.1164728
PAST SALE,June-1-2018,Single Family Residential,2080 Cornell St,PALO ALTO,CA,94306,2800000,2,1.5,PALO ALTO,900,5951,1920,419,3111,,Sold,,,http://www.redfin.com/CA/Palo-Alto/2080-Cornell-St-94306/home/547028,MLSListings,ML81704840,N,Y,37.4234966,-122.1516087
PAST SALE,June-14-2017,Single Family Residential,228 Colorado Ave,PALO ALTO,CA,94301,2078000,2,1.0,PALO ALTO,851,5500,1949,771,2442,,Sold,,,http://www.redfin.com/CA/Palo-Alto/228-Colorado-Ave-94301/home/1131820,MLSListings,ML81652114,N,Y,37.4285568,-122.1371476
PAST SALE,May-25-2017,Single Family Residential,327 Aldean Ave,MOUNTAIN VIEW,CA,94043,1800000,3,2.0,MOUNTAIN VIEW,1448,8383,1959,791,1243,,Sold,,,http://www.redfin.com/CA/Mountain-View/327-Aldean-Ave-94043/home/1707154,MLSListings,ML81649440,N,Y,37.4105774,-122.1049389
PAST SALE,July-22-2019,Single Family Residential,1160 California Ave,PALO ALTO,CA,94306,2495000,4,3.0,PALO ALTO,2224,5093,1936,3,1122,,Sold,,,http://www.redfin.com/CA/Palo-Alto/1160-California-Ave-94306/home/1302342,MLSListings,ML81750940,N,Y,37.4202681,-122.150145
PAST SALE,August-26-2013,Condo/Co-op,4250 EL CAMINO REAL #219,Palo Alto,CA,94306,550000,1,1.0,Palo Alto,960,960,1983,2159,573,566,Sold,,,http://www.redfin.com/CA/Palo-Alto/4250-El-Camino-Real-94306/unit-00219/home/113809434,MLSListings,ML81329989,N,Y,37.4067161,-122.1218394
PAST SALE,March-22-2017,Single Family Residential,431 Wilton Ave,PALO ALTO,CA,94306,3350000,6,4.0,PALO ALTO,3933,5991,2008,855,852,,Sold,,,http://www.redfin.com/CA/Palo-Alto/431-Wilton-Ave-94306/home/658302,MLSListings,ML81639740,N,Y,37.4192956,-122.1316126
PAST SALE,November-21-2018,Condo/Co-op,181 Del Medio Ave #209,MOUNTAIN VIEW,CA,94040,710000,1,1.0,MOUNTAIN VIEW,756,756,1962,246,939,389,Sold,,,http://www.redfin.com/CA/Mountain-View/181-Del-Medio-Ave-94040/unit-209/home/12171971,MLSListings,ML81726661,N,Y,37.4081398,-122.1111349
PAST SALE,July-17-2017,Condo/Co-op,1982 W Bayshore Rd #315,EAST PALO ALTO,CA,94303,580000,1,1.0,EAST PALO ALTO,823,154573,2002,738,705,360,Sold,,,http://www.redfin.com/CA/East-Palo-Alto/1982-W-Bayshore-Rd-94303/unit-315/home/17307472,MLSListings,ML81656127,N,Y,37.452502,-122.1288347
PAST SALE,May-27-2016,Condo/Co-op,800 High St #417,Palo Alto,CA,94301,1800000,2,2.0,Palo Alto,1270,,2006,1154,1417,,Sold,,,http://www.redfin.com/CA/Palo-Alto/800-High-St-94301/unit-417/home/2122999,San Francisco MLS,444196,N,Y,37.4409912,-122.1587678
PAST SALE,March-20-2015,Condo/Co-op,2255 Showers Dr #225,MOUNTAIN VIEW,CA,94040,625000,2,1.0,MOUNTAIN VIEW,814,871,1999,1588,768,309,Sold,,,http://www.redfin.com/CA/Mountain-View/2255-Showers-Dr-94040/unit-225/home/12172190,MLSListings,ML81450326,N,Y,37.4073538,-122.1078656
PAST SALE,July-8-2014,Condo/Co-op,1982 W BAYSHORE Rd #238,East Palo Alto,CA,94303,520000,2,2.0,East Palo Alto,1157,,2002,1843,449,346,Sold,,,http://www.redfin.com/CA/East-Palo-Alto/1982-W-Bayshore-Rd-94303/unit-238/home/17307789,MLSListings,ML81420809,N,Y,37.452502,-122.1288347
PAST SALE,July-3-2018,Condo/Co-op,119 Peter Coutts Cir,STANFORD,CA,94305,1160000,2,2.0,STANFORD,1477,,1982,387,785,986,Sold,,,http://www.redfin.com/CA/Stanford/119-Peter-Coutts-Cir-94305/home/1043729,MLSListings,ML81703651,N,Y,37.4140233,-122.1528484
PAST SALE,May-20-2013,Condo/Co-op,890 ALTAIRE Walk,Palo Alto,CA,94303,1018000,3,2.5,Palo Alto,1342,871,2009,2257,759,405,Sold,,,http://www.redfin.com/CA/Palo-Alto/890-Altaire-Walk-94303/home/40175595,MLSListings,ML81311694,N,Y,37.4243037,-122.1020289
PAST SALE,,Single Family Residential,300 SEQUOIA Ave,Palo Alto,CA,94306,,5,4.0,,3518,5472,2005,,,,Sold,,,http://www.redfin.com/CA/Palo-Alto/300-Sequoia-Ave-94306/home/592663,MLSListings,,N,Y,37.4313244,-122.1506329
PAST SALE,July-22-2015,Single Family Residential,1944 Bryant St,PALO ALTO,CA,94301,3125000,4,3.0,PALO ALTO,2170,5000,1925,1464,1440,,Sold,,,http://www.redfin.com/CA/Palo-Alto/1944-Bryant-St-94301/home/1430906,MLSListings,ML81472778,N,Y,37.4342956,-122.1435245
PAST SALE,,Vacant Land,370 SEALE Ave,Palo Alto,CA,94301,,5,4.0,,3568,5880,2004,,,,Sold,,,http://www.redfin.com/CA/Palo-Alto/370-Seale-Ave-94301/home/1801365,MLSListings,,N,Y,37.4357101,-122.143092
PAST SALE,,Single Family Residential,1870 Emerson St,Palo Alto,CA,94301,2665000,4,5.0,,4003,7000,2016,,666,,,,,http://www.redfin.com/CA/Palo-Alto/1870-Emerson-St-94301/home/1258013,,,N,Y,37.4337759,-122.1458866
PAST SALE,July-10-2014,Multi-Family (2-4 Unit),1751 ALMA St,Palo Alto,CA,94301,2000000,4,3.0,Palo Alto,1716,7000,1951,1841,1166,,Sold,,,http://www.redfin.com/CA/Palo-Alto/1751-Alma-St-94301/home/1734660,MLSListings,ML81422661,N,Y,37.4338256,-122.1481932
PAST SALE,,Single Family Residential,2050 HARVARD St,Palo Alto,CA,94306,,3,2.0,,1391,6400,1906,,,,Sold,,,http://www.redfin.com/CA/Palo-Alto/2050-Harvard-St-94306/home/1239082,MLSListings,,N,Y,37.4214911,-122.1536491
PAST SALE,,Multi-Family (5+ Unit),1594 MARIPOSA Ave,Palo Alto,CA,94306,,,,,,,,,,,Sold,,,http://www.redfin.com/CA/Palo-Alto/1594-Mariposa-Ave-94306/home/23477584,MLSListings,,N,Y,37.4337786,-122.1502383
PAST SALE,October-18-2012,Single Family Residential,1125 NEWELL Rd,Palo Alto,CA,94303,1570000,3,2.0,Palo Alto,1394,6000,1951,2471,1126,,Sold,,,http://www.redfin.com/CA/Palo-Alto/1125-Newell-Rd-94303/home/961894,MLSListings,ML81231443,N,Y,37.4465159,-122.139521
PAST SALE,,Single Family Residential,1227 FULTON St,Palo Alto,CA,94301,,4,2.0,,2114,5625,1924,,,,Sold,,,http://www.redfin.com/CA/Palo-Alto/1227-Fulton-St-94301/home/1485825,MLSListings,,N,Y,37.4456834,-122.1467738
PAST SALE,,Single Family Residential,1120 BYRON St,Palo Alto,CA,94301,,4,3.0,,2229,5624,2004,,,,Sold,,,http://www.redfin.com/CA/Palo-Alto/1120-Byron-St-94301/home/1245501,MLSListings,,N,Y,37.444973,-122.149695
PAST SALE,,Single Family Residential,625 Lowell Ave,Palo Alto,CA,94301,1020500,4,4.0,,4472,13749,1993,,228,,,,,http://www.redfin.com/CA/Palo-Alto/625-Lowell-Ave-94301/home/812773,,,N,Y,37.4406963,-122.1429589
PAST SALE,,Single Family Residential,667 Tennyson Ave,Palo Alto,CA,94301,65900,3,4.0,,3170,7500,1938,,21,,,,,http://www.redfin.com/CA/Palo-Alto/667-Tennyson-Ave-94301/home/1651507,,,N,Y,37.4404611,-122.1411401
PAST SALE,,Single Family Residential,1900 Webster St,Palo Alto,CA,94301,1875000,5,6.0,,4965,10943,1937,,378,,,,,http://www.redfin.com/CA/Palo-Alto/1900-Webster-St-94301/home/1486442,,,N,Y,37.438238,-122.1405634
PAST SALE,,Single Family Residential,170 Seale Ave,Palo Alto,CA,94301,410000,4,4.0,,2927,5000,1988,,140,,,,,http://www.redfin.com/CA/Palo-Alto/170-Seale-Ave-94301/home/1527865,,,N,Y,37.4333618,-122.1453987
PAST SALE,,Single Family Residential,164 Park Ave,Palo Alto,CA,94306,163000,4,3.0,,2457,7504,1924,,66,,,,,http://www.redfin.com/CA/Palo-Alto/164-Park-Ave-94306/home/1320387,,,N,Y,37.4303196,-122.1497457
PAST SALE,,Single Family Residential,1189 Harker Ave,Palo Alto,CA,94301,395000,4,3.0,,3014,12531,1925,,131,,,,,http://www.redfin.com/CA/Palo-Alto/1189-Harker-Ave-94301/home/1457575,,,N,Y,37.4468915,-122.1429145
PAST SALE,October-14-2014,Condo/Co-op,435 SHERIDAN Ave #202,Palo Alto,CA,94306,1500000,2,2.0,Palo Alto,1504,1317,2000,1745,997,539,Sold,,,http://www.redfin.com/CA/Palo-Alto/435-Sheridan-Ave-94306/unit-202/home/605701,MLSListings,ML81434909,N,Y,37.424581,-122.1418019
PAST SALE,,Single Family Residential,355 Santa Rita Ave,Palo Alto,CA,94301,2625000,5,3.0,,2455,7337,1929,,1069,,,,,http://www.redfin.com/CA/Palo-Alto/355-Santa-Rita-Ave-94301/home/1353955,,,N,Y,37.4344708,-122.141495
PAST SALE,,Single Family Residential,417 College Ave,Palo Alto,CA,94306,270000,3,3.0,,2028,6680,1948,,133,,,,,http://www.redfin.com/CA/Palo-Alto/417-College-Ave-94306/home/594579,,,N,Y,37.4273221,-122.1462858
PAST SALE,,Single Family Residential,172 Park Ave,Palo Alto,CA,94306,3800000,4,4.0,,2721,7500,2014,,1397,,,,,http://www.redfin.com/CA/Palo-Alto/172-Park-Ave-94306/home/1173726,,,N,Y,37.4304589,-122.149657
PAST SALE,,Multi-Family (5+ Unit),433 Addison Ave,Palo Alto,CA,94301,1100000,,,,7185,17500,1920,,153,,,,,http://www.redfin.com/CA/Palo-Alto/433-Addison-Ave-94301/home/1665865,,,N,Y,37.443875,-122.154
PAST SALE,October-31-2014,Single Family Residential,281 EMBARCADERO Rd,Palo Alto,CA,94301,4410000,5,3.5,Palo Alto,3594,17880,1908,1728,1227,,Sold,,,http://www.redfin.com/CA/Palo-Alto/281-Embarcadero-Rd-94301/home/113802371,MLSListings,ML81429977,N,Y,37.4398187,-122.1522741
PAST SALE,,Single Family Residential,1091 Emerson St,Palo Alto,CA,94301,6198000,5,5.0,,5043,6823,2013,,1229,,,,,http://www.redfin.com/CA/Palo-Alto/1091-Emerson-St-94301/home/1101312,,,N,Y,37.4402652,-122.1553168
PAST SALE,,Single Family Residential,132 Lincoln Ave,Palo Alto,CA,94301,147000,3,2.0,,1810,5624,1918,,81,,,,,http://www.redfin.com/CA/Palo-Alto/132-Lincoln-Ave-94301/home/1853977,,,N,Y,37.4391393,-122.1559334
PAST SALE,,Townhouse,683 WAVERLEY St,Palo Alto,CA,94301,,2,3.0,,1554,,1981,,,,Sold,,,http://www.redfin.com/CA/Palo-Alto/683-Waverley-St-94301/unit-A/home/1131548,MLSListings,,N,Y,37.44577,-122.157934
PAST SALE,November-12-2015,Single Family Residential,519 Tennyson Ave,PALO ALTO,CA,94301,4158000,3,2.0,PALO ALTO,1481,7500,1923,1351,2808,,Sold,,,http://www.redfin.com/CA/Palo-Alto/519-Tennyson-Ave-94301/home/1658387,MLSListings,ML81520247,N,Y,37.4386355,-122.1429589
PAST SALE,,Single Family Residential,356 Coleridge Ave,Palo Alto,CA,94301,3900000,2,3.0,,2809,16500,1912,,1388,,,,,http://www.redfin.com/CA/Palo-Alto/356-Coleridge-Ave-94301/home/1208542,,,N,Y,37.4379761,-122.1468625
PAST SALE,,Single Family Residential,1744 Cowper St,Palo Alto,CA,94301,420000,2,2.0,,1193,2500,1916,,352,,,,,http://www.redfin.com/CA/Palo-Alto/1744-Cowper-St-94301/home/1227045,,,N,Y,37.4382639,-122.143569
PAST SALE,,Single Family Residential,443 Tennyson Ave,Palo Alto,CA,94301,550000,5,3.0,,3295,9990,1992,,167,,,,,http://www.redfin.com/CA/Palo-Alto/443-Tennyson-Ave-94301/home/592049,,,N,Y,37.4377295,-122.1438461
PAST SALE,,Single Family Residential,215 N California Ave,Palo Alto,CA,94301,124700,3,1.0,,1342,6808,1946,,93,,,,,http://www.redfin.com/CA/Palo-Alto/215-N-California-Ave-94301/home/1322844,,,N,Y,37.4312703,-122.1410514
PAST SALE,,Single Family Residential,260 Seale Ave,Palo Alto,CA,94301,398000,4,4.0,,2805,7500,2007,,142,,,,,http://www.redfin.com/CA/Palo-Alto/260-Seale-Ave-94301/home/1522877,,,N,Y,37.434485,-122.1442897
PAST SALE,June-1-2012,Single Family Residential,1591 MARIPOSA Ave,Palo Alto,CA,94306,1400800,4,3.0,Palo Alto,1698,5700,1946,2610,825,,Sold,,,http://www.redfin.com/CA/Palo-Alto/1591-Mariposa-Ave-94306/home/1338770,MLSListings,ML81213373,N,Y,37.4341328,-122.150145
PAST SALE,,Single Family Residential,1557 Madrono Ave,Palo Alto,CA,94306,480000,5,5.0,,3773,6300,2010,,127,,,,,http://www.redfin.com/CA/Palo-Alto/1557-Madrono-Ave-94306/home/1377415,,,N,Y,37.4329172,-122.1520523
PAST SALE,,Single Family Residential,1960 Park Blvd,Palo Alto,CA,94306,570000,4,2.0,,2495,8993,1941,,228,,,,,http://www.redfin.com/CA/Palo-Alto/1960-Park-Blvd-94306/home/893215,,,N,Y,37.4310399,-122.1470621
PAST SALE,,Single Family Residential,2060 Park Blvd,Palo Alto,CA,94306,80000,3,4.0,,2118,5939,2012,,38,,,,,http://www.redfin.com/CA/Palo-Alto/2060-Park-Blvd-94306/home/1665994,,,N,Y,37.430752,-122.145942
PAST SALE,,Single Family Residential,363 Stanford Ave,Palo Alto,CA,94306,83500,4,2.0,,2167,7500,1928,,39,,,,,http://www.redfin.com/CA/Palo-Alto/363-Stanford-Ave-94306/home/1430966,,,N,Y,37.4290111,-122.1478827
PAST SALE,,Condo/Co-op,340 Grant Ave,Palo Alto,CA,94306,139000,2,1.0,,899,,1983,,155,,,,,http://www.redfin.com/CA/Palo-Alto/340-Grant-Ave-94306/home/1512091,,,N,Y,37.426013,-122.142701
PAST SALE,,Condo/Co-op,157 S CALIFORNIA Ave Unit H204,Palo Alto,CA,94306,,2,3.0,,1311,,1982,,,,Sold,,,http://www.redfin.com/CA/Palo-Alto/157-California-Ave-94306/unit-H204/home/1178383,MLSListings,,N,Y,37.4287869,-122.1423385
PAST SALE,,Single Family Residential,2115 Harvard St,Palo Alto,CA,94306,1795000,2,1.0,,880,10731,1951,,2040,,,,,http://www.redfin.com/CA/Palo-Alto/2115-Harvard-St-94306/home/688496,,,N,Y,37.421587,-122.152766
PAST SALE,,Single Family Residential,1211 Middlefield Rd,Palo Alto,CA,94301,444000,3,2.0,,1638,5624,1926,,271,,,,,http://www.redfin.com/CA/Palo-Alto/1211-Middlefield-Rd-94301/home/1498455,,,N,Y,37.4452404,-122.1476166
PAST SALE,,Condo/Co-op,532 CHANNING Ave #103,Palo Alto,CA,94301,,3,3.0,,1982,,1981,,,,Sold,,,http://www.redfin.com/CA/Palo-Alto/532-Channing-Ave-94301/unit-103/home/1658309,MLSListings,,N,Y,37.4453715,-122.1533395
PAST SALE,,Single Family Residential,846 Cowper St,Palo Alto,CA,94301,2500000,2,1.0,,980,5749,1917,,2551,,,,,http://www.redfin.com/CA/Palo-Alto/846-Cowper-St-94301/home/1185662,,,N,Y,37.4452571,-122.1548467
PAST SALE,October-15-2012,Single Family Residential,1010 BRYANT St,Palo Alto,CA,94301,1550000,3,2.5,PROFESSORVILLE,2292,5250,1903,2474,676,,Sold,,,http://www.redfin.com/CA/Palo-Alto/1010-Bryant-St-94301/home/1560979,MLSListings,ML81235183,N,Y,37.4416017,-122.155257
PAST SALE,,Condo/Co-op,739 Ramona St,Palo Alto,CA,94301,102000,2,2.0,,1290,,1977,,79,,,,,http://www.redfin.com/CA/Palo-Alto/739-Ramona-St-94301/home/1470637,,,N,Y,37.4433848,-122.1587942
PAST SALE,,Single Family Residential,1995 TASSO St,Palo Alto,CA,94301,,4,3.0,,2443,7273,1940,,,,Sold,,,http://www.redfin.com/CA/Palo-Alto/1995-Tasso-St-94301/home/683945,MLSListings,,N,Y,37.4374387,-122.1399868
PAST SALE,,Single Family Residential,2050 Waverley St,Palo Alto,CA,94301,3700000,4,5.0,,4157,8196,1930,,890,,,,,http://www.redfin.com/CA/Palo-Alto/2050-Waverley-St-94301/home/592648,,,N,Y,37.4347331,-122.141495
PAST SALE,,Single Family Residential,1940 Waverley St,Palo Alto,CA,94301,230000,3,2.0,,1320,8736,1941,,174,,,,,http://www.redfin.com/CA/Palo-Alto/1940-Waverley-St-94301/home/592642,,,N,Y,37.435322,-122.142162
PAST SALE,,Condo/Co-op,483 Forest Ave Unit F,Palo Alto,CA,94301,234500,2,2.0,,1613,,1981,,145,,,,,http://www.redfin.com/CA/Palo-Alto/483-Forest-Ave-94301/unit-F/home/1320225,,,N,Y,37.4467034,-122.1570468
PAST SALE,,Single Family Residential,333 Miramonte Ave,Palo Alto,CA,94306,825000,3,4.0,,2946,7995,1941,,280,,,,,http://www.redfin.com/CA/Palo-Alto/333-Miramonte-Ave-94306/home/1147546,,,N,Y,37.4329168,-122.1514978
PAST SALE,,Single Family Residential,575 Kellogg Ave,Palo Alto,CA,94301,2100000,3,3.0,,2724,11363,1907,,771,,,,,http://www.redfin.com/CA/Palo-Alto/575-Kellogg-Ave-94301/home/1458340,,,N,Y,37.4424033,-122.1471508
PAST SALE,,Single Family Residential,580 Addison Ave,Palo Alto,CA,94301,345000,3,5.0,,3756,5980,2008,,92,,,,,http://www.redfin.com/CA/Palo-Alto/580-Addison-Ave-94301/home/721547,,,N,Y,37.445327,-122.1516531
PAST SALE,,Single Family Residential,1128 High St,Palo Alto,CA,94301,300000,2,1.0,,1052,4050,1914,,285,,,,,http://www.redfin.com/CA/Palo-Alto/1128-High-St-94301/home/867977,,,N,Y,37.4389112,-122.155512
PAST SALE,,Single Family Residential,1722 NEWELL Rd,Palo Alto,CA,94303,,3,2.0,,2047,8378,1949,,,,Sold,,,http://www.redfin.com/CA/Palo-Alto/1722-Newell-Rd-94303/home/939036,MLSListings,,N,Y,37.4426929,-122.1395875
PAST SALE,October-10-2013,Single Family Residential,2140 PRINCETON St,Palo Alto,CA,94306,2300000,3,1.0,Palo Alto,1224,7750,1924,2114,1879,,Sold,,,http://www.redfin.com/CA/Palo-Alto/2140-Princeton-St-94306/home/672102,MLSListings,ML81333818,N,Y,37.4224368,-122.15152
PAST SALE,,Condo/Co-op,425 GRANT Ave #31,Palo Alto,CA,94306,,3,2.0,,1302,,1962,,,,Sold,,,http://www.redfin.com/CA/Palo-Alto/425-Grant-Ave-94306/unit-31/home/1706998,MLSListings,,N,Y,37.4250386,-122.1426137
PAST SALE,,Single Family Residential,2208 Princeton St,Palo Alto,CA,94306,799000,,,,,6104,,,,,,,,http://www.redfin.com/CA/Palo-Alto/2208-Princeton-St-94306/home/605073,,,N,Y,37.4220359,-122.1507105
PAST SALE,,Single Family Residential,2111 Hanover St,Palo Alto,CA,94306,290000,3,2.0,,1998,6920,1906,,145,,,,,http://www.redfin.com/CA/Palo-Alto/2111-Hanover-St-94306/home/605169,,,N,Y,37.4207983,-122.1533386
PAST SALE,,Condo/Co-op,2085 Yale St,Palo Alto,CA,94306,190000,2,3.0,,1248,,1975,,152,,,,,http://www.redfin.com/CA/Palo-Alto/2085-Yale-St-94306/home/1391415,,,N,Y,37.425952,-122.149674
PAST SALE,,Condo/Co-op,365 FOREST Ave Unit 4E,Palo Alto,CA,94301,,2,3.0,,2264,,1981,,,,Sold,,,http://www.redfin.com/CA/Palo-Alto/365-Forest-Ave-94301/unit-4E/home/590061,MLSListings,,N,Y,37.445085,-122.158501
PAST SALE,,Townhouse,1437 Alma St,Palo Alto,CA,94301,870000,2,2.5,,1420,,1986,,613,,,,,http://www.redfin.com/CA/Palo-Alto/1437-Alma-St-94301/home/590671,,,N,Y,37.436359,-122.151716
PAST SALE,,Single Family Residential,3473 PARK Blvd,Palo Alto,CA,94306,,4,2.0,,1328,4910,1949,,,,Sold,,,http://www.redfin.com/CA/Palo-Alto/3473-Park-Blvd-94306/home/1561214,MLSListings,,N,Y,37.422578,-122.1319904
PAST SALE,,Single Family Residential,3432 COWPER Ct,Palo Alto,CA,94306,,5,4.0,,3375,6294,2012,,,,Sold,,,http://www.redfin.com/CA/Palo-Alto/3432-Cowper-Ct-94306/home/1629214,MLSListings,,N,Y,37.4236041,-122.1199781
PAST SALE,,Single Family Residential,231 CHESTNUT Ave,Palo Alto,CA,94306,,3,2.0,,1174,5818,1949,,,,Sold,,,http://www.redfin.com/CA/Palo-Alto/231-Chestnut-Ave-94306/home/1541130,MLSListings,,N,Y,37.4228226,-122.1336873
PAST SALE,,Single Family Residential,3448 COWPER Ct,Palo Alto,CA,94306,,4,2.0,,1617,7994,1951,,,,Sold,,,http://www.redfin.com/CA/Palo-Alto/3448-Cowper-Ct-94306/home/1391246,MLSListings,,N,Y,37.4235884,-122.1207102
PAST SALE,,Single Family Residential,3234 RAMONA St,Palo Alto,CA,94306,,4,3.0,,2088,6731,1950,,,,Sold,,,http://www.redfin.com/CA/Palo-Alto/3234-Ramona-St-94306/home/820338,MLSListings,,N,Y,37.4225285,-122.1276093
PAST SALE,,Single Family Residential,3443 RAMBOW Dr,Palo Alto,CA,94306,,4,3.0,,2157,6438,1951,,,,Sold,,,http://www.redfin.com/CA/Palo-Alto/3443-Rambow-Dr-94306/home/599885,MLSListings,,N,Y,37.4231237,-122.1208211
PAST SALE,June-22-2016,Multi-Family (2-4 Unit),3195 Alma St,PALO ALTO,CA,94306,1595000,4,,PALO ALTO,1869,6873,1956,1128,853,,Sold,,,http://www.redfin.com/CA/Palo-Alto/3195-Alma-St-94306/home/601683,MLSListings,ML81566629,N,Y,37.4219523,-122.1292044
PAST SALE,,Single Family Residential,3382 WAVERLEY St,Palo Alto,CA,94306,,2,2.0,,936,3998,1960,,,,Sold,,,http://www.redfin.com/CA/Palo-Alto/3382-Waverley-St-94306/home/600552,MLSListings,,N,Y,37.4228639,-122.1230395
PAST SALE,,Single Family Residential,3400 COWPER St,Palo Alto,CA,94306,,4,2.0,,1602,6305,1952,,,,Sold,,,http://www.redfin.com/CA/Palo-Alto/3400-Cowper-St-94306/home/599637,MLSListings,,N,Y,37.4240559,-122.1204661
PAST SALE,,Single Family Residential,3397 RAMONA St,Palo Alto,CA,94306,,3,2.0,,1722,6750,1950,,,,Sold,,,http://www.redfin.com/CA/Palo-Alto/3397-Ramona-St-94306/home/1762144,MLSListings,,N,Y,37.4212059,-122.1243223
PAST SALE,,Multi-Family (2-4 Unit),2865-2871 Alma St,Palo Alto,CA,94306,,,,,,,,,,,Sold,,,http://www.redfin.com/CA/Palo-Alto/2865-Alma-St-94306/home/22045861,San Francisco MLS,,N,Y,37.4250077,-122.1341336
PAST SALE,,Multi-Family (5+ Unit),3317 ALMA St,Palo Alto,CA,94306,,,,,,,,,,,Sold,,,http://www.redfin.com/CA/Palo-Alto/3317-Alma-St-94306/home/23478299,MLSListings,,N,Y,37.4206019,-122.1270434
PAST SALE,,Multi-Family (5+ Unit),2967 EMERSON St,Palo Alto,CA,94306,,,,,,,,,,,Sold,,,http://www.redfin.com/CA/Palo-Alto/2967-Emerson-St-94306/home/23478305,MLSListings,,N,Y,37.4249278,-122.1322009
PAST SALE,,Multi-Family (5+ Unit),3037 EMERSON St,Palo Alto,CA,94306,,,,,,,,,,,Sold,,,http://www.redfin.com/CA/Palo-Alto/3037-Emerson-St-94306/home/23477972,MLSListings,,N,Y,37.4245203,-122.1314247
PAST SALE,,Multi-Family (5+ Unit),452-60 FERNANDO Ave,Palo Alto,CA,94306,,,,,,,,,,,Sold,,,http://www.redfin.com/CA/Palo-Alto/452-460-Fernando-Ave-94306/home/145612269,MLSListings,,N,Y,37.4203549,-122.1351513
PAST SALE,,Single Family Residential,3244 WAVERLEY St,Palo Alto,CA,94306,,,,,,,,,,,Sold,,,http://www.redfin.com/CA/Palo-Alto/3244-Waverley-St-94306/home/113805770,MLSListings,,N,Y,37.4243386,-122.1253466
PAST SALE,,Single Family Residential,3732 GROVE Ave,Palo Alto,CA,94303,,6,5.0,,2987,11860,1969,,,,Sold,,,http://www.redfin.com/CA/Palo-Alto/3732-Grove-Ave-94303/home/741798,MLSListings,,N,Y,37.4241083,-122.1127456
PAST SALE,May-7-2012,Single Family Residential,641 E MEADOW Dr,Palo Alto,CA,94306,1200000,3,2.0,Palo Alto,1425,6572,1952,2635,842,,Sold,,,http://www.redfin.com/CA/Palo-Alto/641-E-Meadow-Dr-94306/home/1421813,MLSListings,ML81210806,N,Y,37.4237615,-122.1161179
PAST SALE,,Single Family Residential,3492 MURDOCH Ct,Palo Alto,CA,94306,,4,2.0,,1570,7294,1952,,,,Sold,,,http://www.redfin.com/CA/Palo-Alto/3492-Murdoch-Ct-94306/home/1600841,MLSListings,,N,Y,37.4246115,-122.1172715
PAST SALE,,Single Family Residential,350 Campesino Ave,Palo Alto,CA,94306,360000,3,2.0,,1578,7936,1949,,228,,,,,http://www.redfin.com/CA/Palo-Alto/350-Campesino-Ave-94306/home/1323049,,,N,Y,37.4245138,-122.1265002
PAST SALE,,Single Family Residential,3488 WAVERLEY St,Palo Alto,CA,94306,,4,4.0,,2391,6654,2008,,,,Sold,,,http://www.redfin.com/CA/Palo-Alto/3488-Waverley-St-94306/home/1590806,MLSListings,,N,Y,37.4217178,-122.1211317
PAST SALE,August-16-2013,Single Family Residential,3481 SOUTH Ct,Palo Alto,CA,94306,2595000,4,3.0,Palo Alto,2035,6250,2008,2169,1275,,Sold,,,http://www.redfin.com/CA/Palo-Alto/3481-South-Ct-94306/home/598908,MLSListings,ML81324873,N,Y,37.4215805,-122.1217085
PAST SALE,,Single Family Residential,428 El Verano Ave,Palo Alto,CA,94306,,5,5.0,,2893,8829,1952,,,,Sold,,,http://www.redfin.com/CA/Palo-Alto/428-El-Verano-Ave-94306/home/600936,MLSListings,,N,Y,37.4244132,-122.1236163
PAST SALE,,Single Family Residential,3180 EMERSON St,Palo Alto,CA,94306,,,,,,6750,,,,,Sold,,,http://www.redfin.com/CA/Palo-Alto/3180-Emerson-St-94306/home/1147687,MLSListings,,N,Y,37.4224312,-122.1292287
PAST SALE,,Single Family Residential,3619 PARK Blvd,Palo Alto,CA,94306,,3,1.0,,1162,4906,1945,,,,Sold,,,http://www.redfin.com/CA/Palo-Alto/3619-Park-Blvd-94306/home/1574704,MLSListings,,N,Y,37.4218948,-122.1309367
PAST SALE,,Single Family Residential,3561 MIDDLEFIELD Rd,Palo Alto,CA,94306,,4,4.0,,2724,13070,1978,,,,Sold,,,http://www.redfin.com/CA/Palo-Alto/3561-Middlefield-Rd-94306/home/1462214,MLSListings,,N,Y,37.4252552,-122.1152083
PAST SALE,November-8-2016,Single Family Residential,3418 Waverley St,PALO ALTO,CA,94306,2235000,3,2.0,PALO ALTO,1356,6250,1950,989,1648,,Sold,,,http://www.redfin.com/CA/Palo-Alto/3418-Waverley-St-94306/home/672052,MLSListings,ML81625534,N,Y,37.4226475,-122.1226402
PAST SALE,,Single Family Residential,3492 Waverley St,Palo Alto,CA,94306,255000,2,1.0,,925,6653,1950,,276,,,,,http://www.redfin.com/CA/Palo-Alto/3492-Waverley-St-94306/home/1253665,,,N,Y,37.4215947,-122.1210429
PAST SALE,,Single Family Residential,3357 South Ct,Palo Alto,CA,94306,349000,4,3.0,,2000,6500,1949,,175,,,,,http://www.redfin.com/CA/Palo-Alto/3357-South-Ct-94306/home/911956,,,N,Y,37.4230073,-122.1239269
PAST SALE,,Single Family Residential,3346 KIPLING St,Palo Alto,CA,94306,,4,2.0,,1682,9732,1952,,,,Sold,,,http://www.redfin.com/CA/Palo-Alto/3346-Kipling-St-94306/home/1112010,MLSListings,,N,Y,37.4237196,-122.1227511
PAST SALE,,Single Family Residential,3396 KIPLING St,Palo Alto,CA,94306,,4,4.0,,2465,7800,2012,,,,Sold,,,http://www.redfin.com/CA/Palo-Alto/3396-Kipling-St-94306/home/1626897,MLSListings,,N,Y,37.4244319,-122.1215754
PAST SALE,October-24-2013,Single Family Residential,3178 RAMONA St,Palo Alto,CA,94306,2355000,4,3.0,Palo Alto,2175,6250,2007,2100,1083,,Sold,,,http://www.redfin.com/CA/Palo-Alto/3178-Ramona-St-94306/home/601623,MLSListings,ML81334682,N,Y,37.4232135,-122.1288737
PAST SALE,August-26-2015,Single Family Residential,231 Lambert Ave,PALO ALTO,CA,94306,1550000,2,1.0,PALO ALTO,1049,5700,1947,1429,1478,,Sold,,,http://www.redfin.com/CA/Palo-Alto/231-Lambert-Ave-94306/home/602236,MLSListings,ML81486281,N,Y,37.4233937,-122.1344304
PAST SALE,,Single Family Residential,3675 PARK Blvd,Palo Alto,CA,94306,,3,1.0,,1162,4903,1945,,,,Sold,,,http://www.redfin.com/CA/Palo-Alto/3675-Park-Blvd-94306/home/763184,MLSListings,,N,Y,37.4215449,-122.13036
PAST SALE,,Single Family Residential,3605 Park Blvd,Palo Alto,CA,94306,205000,2,1.0,,801,4907,1949,,256,,,,,http://www.redfin.com/CA/Palo-Alto/3605-Park-Blvd-94306/home/1094625,,,N,Y,37.4219669,-122.1310698
PAST SALE,,Single Family Residential,3550 Orinda St,Palo Alto,CA,94306,340000,3,2.0,,1875,6995,1974,,181,,,,,http://www.redfin.com/CA/Palo-Alto/3550-Orinda-St-94306/home/1186157,,,N,Y,37.420633,-122.132568
PAST SALE,October-10-2012,Single Family Residential,3179 BRYANT St,Palo Alto,CA,94306,2050000,4,4.0,Palo Alto,2900,7846,2014,2479,707,,Sold,,,http://www.redfin.com/CA/Palo-Alto/3179-Bryant-St-94306/home/604010,MLSListings,ML81234720,N,Y,37.4246068,-122.1279864
PAST SALE,,Single Family Residential,449 E Meadow Dr,Palo Alto,CA,94306,295000,3,2.0,,1557,5956,1951,,189,,,,,http://www.redfin.com/CA/Palo-Alto/449-E-Meadow-Dr-94306/home/598246,,,N,Y,37.4221728,-122.1191351
PAST SALE,,Single Family Residential,3506 WAVERLEY St,Palo Alto,CA,94306,,4,3.0,,2230,6652,1999,,,,Sold,,,http://www.redfin.com/CA/Palo-Alto/3506-Waverley-St-94306/home/1101545,MLSListings,,N,Y,37.4215226,-122.1209098
PAST SALE,,Single Family Residential,3380 Kipling St,Palo Alto,CA,94306,435000,4,3.0,,2013,6967,1952,,216,,,,,http://www.redfin.com/CA/Palo-Alto/3380-Kipling-St-94306/home/1302255,,,N,Y,37.4242119,-122.1219303
PAST SALE,,Single Family Residential,3473 Cowper St,Palo Alto,CA,94306,995000,4,3.0,,2255,6273,1999,,441,,,,,http://www.redfin.com/CA/Palo-Alto/3473-Cowper-St-94306/home/1239026,,,N,Y,37.4241163,-122.1182255
PAST SALE,,Single Family Residential,3479 WAVERLEY St,Palo Alto,CA,94306,,5,3.0,,2637,7558,1948,,,,Sold,,,http://www.redfin.com/CA/Palo-Alto/3479-Waverley-St-94306/home/600511,MLSListings,,N,Y,37.4220636,-122.1207323
PAST SALE,,Single Family Residential,181 EL VERANO Ave,Palo Alto,CA,94306,,5,4.0,,2293,7165,1950,,,,Sold,,,http://www.redfin.com/CA/Palo-Alto/181-El-Verano-Ave-94306/home/1163615,MLSListings,,N,Y,37.4212224,-122.1273431
PAST SALE,,Single Family Residential,1690 OAK Ave,Menlo Park,CA,94025,,4,3.5,,3280,11760,1991,,,,Sold,,,http://www.redfin.com/CA/Menlo-Park/1690-Oak-Ave-94025/home/1091478,MLSListings,,N,Y,37.4350771,-122.1883738
PAST SALE,,Single Family Residential,3820 NATHAN Way,Palo Alto,CA,94303,,4,2.0,,1616,6878,1956,,,,Sold,,,http://www.redfin.com/CA/Palo-Alto/3820-Nathan-Way-94303/home/1668553,MLSListings,,N,Y,37.4263229,-122.1059729
PAST SALE,,Single Family Residential,713 CHARLESTON Ct,Palo Alto,CA,94303,,5,3.0,,2810,8304,1963,,,,Sold,,,http://www.redfin.com/CA/Palo-Alto/713-Charleston-Ct-94303/home/1652757,MLSListings,,N,Y,37.4211132,-122.1096395
PAST SALE,,Condo/Co-op,777 SAN ANTONIO Rd #00044,Palo Alto,CA,94303,,2,1.0,,946,,1974,,,,Sold,,,http://www.redfin.com/CA/Palo-Alto/777-San-Antonio-Rd-94303/unit-44/home/1683240,MLSListings,,N,Y,37.4203333,-122.103677
PAST SALE,,Condo/Co-op,777 SAN ANTONIO Rd #82,Palo Alto,CA,94303,,2,2.0,,1030,,1974,,,,Sold,,,http://www.redfin.com/CA/Palo-Alto/777-San-Antonio-Rd-94303/unit-82/home/1446451,MLSListings,,N,Y,37.420058,-122.1044546
PAST SALE,,Single Family Residential,729 E CHARLESTON Rd,Palo Alto,CA,94303,,3,2.0,,1974,8012,1975,,,,Sold,,,http://www.redfin.com/CA/Palo-Alto/729-E-Charleston-Rd-94303/home/595568,MLSListings,,N,Y,37.4212412,-122.1077315
PAST SALE,May-1-2014,Condo/Co-op,887 FEDERATION Way,Palo Alto,CA,94303,1000000,2,2.0,Palo Alto,1288,2178,2010,1911,776,412,Sold,,,http://www.redfin.com/CA/Palo-Alto/887-Federation-Way-94303/home/41395705,MLSListings,ML81410035,N,Y,37.424119,-122.103432
PAST SALE,,Unknown,809 Altaire Walk,Palo Alto,CA,94303,779000,,,,,,,,,,,,,http://www.redfin.com/CA/Palo-Alto/809-Altaire-Walk-94303/home/39888500,,,N,Y,37.4241005,-122.1030728
PAST SALE,June-22-2012,Single Family Residential,1734 FULTON St,Palo Alto,CA,94303,4450000,4,4.0,Palo Alto,3600,11625,1936,2589,1236,,Sold,,,http://www.redfin.com/CA/Palo-Alto/1734-Fulton-St-94303/home/546868,MLSListings,ML81218585,N,Y,37.4416946,-122.1412732
PAST SALE,February-15-2012,Condo/Co-op,153 S CALIFORNIA Ave Unit F203,Palo Alto,CA,94306,598000,2,1.5,Palo Alto,1247,871,1982,2717,480,580,Sold,,,http://www.redfin.com/CA/Palo-Alto/153-California-Ave-94306/unit-F203/home/779543,MLSListings,ML81200268,N,Y,37.4284695,-122.1421116
PAST SALE,,Single Family Residential,380 Oxford Ave,Palo Alto,CA,94306,535000,3,2.0,,1983,7500,2011,,270,,,,,http://www.redfin.com/CA/Palo-Alto/380-Oxford-Ave-94306/home/1271992,,,N,Y,37.428619,-122.147453
PAST SALE,,Single Family Residential,1435 PARKINSON Ave,Palo Alto,CA,94301,,5,3.0,,3329,7350,1986,,,,Sold,,,http://www.redfin.com/CA/Palo-Alto/1435-Parkinson-Ave-94301/home/1005523,MLSListings,,N,Y,37.4459543,-122.1400755
PAST SALE,,Single Family Residential,1221 HOPKINS Ave,Palo Alto,CA,94301,,,,,,4684,,,,,Sold,,,http://www.redfin.com/CA/Palo-Alto/1221-Hopkins-Ave-94301/home/1406681,MLSListings,,N,Y,37.4447935,-122.1429145
PAST SALE,,Townhouse,849 ALTAIRE Walk #56,Palo Alto,CA,94303,,,,,,,,,,,Sold,,,http://www.redfin.com/CA/Palo-Alto/849-Altaire-Walk-94303/unit-56/home/105500425,MLSListings,,N,Y,37.424596,-122.102074
PAST SALE,,Unknown,875 Altaire Walk,Palo Alto,CA,94303,817000,,,,,,,,,,,,,http://www.redfin.com/CA/Palo-Alto/875-Altaire-Walk-94303/home/23148218,,,N,Y,37.424226,-122.102175
PAST SALE,,Single Family Residential,1638 PORTOLA Ave,Palo Alto,CA,94306,,4,4.0,,2129,5250,1928,,,,Sold,,,http://www.redfin.com/CA/Palo-Alto/1638-Portola-Ave-94306/home/1253581,MLSListings,,N,Y,37.431306,-122.1520523
PAST SALE,August-28-2012,Condo/Co-op,3728 FEATHER Ln #12,Palo Alto,CA,94303,975000,3,2.5,Palo Alto,1629,2151,2009,2522,599,265,Sold,,,http://www.redfin.com/CA/Palo-Alto/3728-Feather-Ln-94303/unit-12/home/105498681,MLSListings,ML81227178,N,Y,37.429702,-122.1055425
PAST SALE,December-18-2015,Condo/Co-op,1192 Almanor Ln #602,PALO ALTO,CA,94303,1688888,3,3.0,PALO ALTO,1679,,2011,1315,1006,218,Sold,,,http://www.redfin.com/CA/Palo-Alto/1192-Almanor-Ln-94303/unit-602/home/101338254,MLSListings,ML81516664,N,Y,37.436745,-122.111322
PAST SALE,,Single Family Residential,3742 ROSS Rd #2,Palo Alto,CA,94303,,,,,,,,,,,Sold,,,http://www.redfin.com/CA/Palo-Alto/3742-Ross-Rd-94303/unit-2/home/113839319,MLSListings,,N,Y,37.425189,-122.1112813
PAST SALE,,Single Family Residential,3382 KENNETH Dr,Palo Alto,CA,94303,,4,2.0,,1674,6825,1958,,,,Sold,,,http://www.redfin.com/CA/Palo-Alto/3382-Kenneth-Dr-94303/home/1798927,MLSListings,,N,Y,37.4345861,-122.1111926
PAST SALE,May-10-2013,Single Family Residential,3410 KENNETH Dr,Palo Alto,CA,94303,1670000,4,3.0,Palo Alto,1781,7910,1958,2267,938,,Sold,,,http://www.redfin.com/CA/Palo-Alto/3410-Kenneth-Dr-94303/home/1374404,MLSListings,ML81311667,N,Y,37.4340516,-122.1104826
PAST SALE,August-19-2016,Single Family Residential,3421 Greer Rd,PALO ALTO,CA,94303,2400000,4,3.0,PALO ALTO,1850,6080,1958,1070,1297,,Sold,,,http://www.redfin.com/CA/Palo-Alto/3421-Greer-Rd-94303/home/1458430,MLSListings,ML81594938,N,Y,37.4328098,-122.1113035
PAST SALE,,Single Family Residential,3979 BIBBITS Dr,Palo Alto,CA,94303,,4,2.0,,1717,6824,1957,,,,Sold,,,http://www.redfin.com/CA/Palo-Alto/3979-Bibbits-Dr-94303/home/593274,MLSListings,,N,Y,37.4218616,-122.1068751
PAST SALE,,Single Family Residential,763 SEMINOLE,Palo Alto,CA,94303,,5,4.0,,2398,6182,1954,,,,Sold,,,http://www.redfin.com/CA/Palo-Alto/763-Seminole-Way-94303/home/1222362,MLSListings,,N,Y,37.4210016,-122.1061751
PAST SALE,,Single Family Residential,780 MAPLEWOOD Ave,Palo Alto,CA,94303,,3,2.0,,1144,6193,1954,,,,Sold,,,http://www.redfin.com/CA/Palo-Alto/780-Maplewood-Ave-94303/home/812872,MLSListings,,N,Y,37.4202952,-122.1059084
PAST SALE,,Single Family Residential,3670 ROSS Rd,Palo Alto,CA,94303,,3,2.0,,1448,6878,1953,,,,Sold,,,http://www.redfin.com/CA/Palo-Alto/3670-Ross-Rd-94303/home/906698,MLSListings,,N,Y,37.4260158,-122.1117694
PAST SALE,,Single Family Residential,789 E MEADOW Dr,Palo Alto,CA,94303,,3,2.0,,1360,7554,1954,,,,Sold,,,http://www.redfin.com/CA/Palo-Alto/789-E-Meadow-Dr-94303/home/1652759,MLSListings,,N,Y,37.4257767,-122.112435
PAST SALE,,Single Family Residential,748 Mayview Ave,Palo Alto,CA,94303,505000,4,3.0,,2015,7207,1961,,251,,,,,http://www.redfin.com/CA/Palo-Alto/748-Mayview-Ave-94303/home/1784263,,,N,Y,37.4234782,-122.111237
PAST SALE,,Single Family Residential,3500 LOUIS Rd,Palo Alto,CA,94303,,5,3.0,,1915,11274,1957,,,,Sold,,,http://www.redfin.com/CA/Palo-Alto/3500-Louis-Rd-94303/home/1641454,MLSListings,,N,Y,37.4300942,-122.1121022
PAST SALE,July-5-2012,Condo/Co-op,777 SAN ANTONIO Rd #50,Palo Alto,CA,94303,570000,2,2.0,Palo Alto,1030,1144,1974,2576,553,372,Sold,,,http://www.redfin.com/CA/Palo-Alto/777-San-Antonio-Rd-94303/unit-50/home/1101487,MLSListings,ML81219495,N,Y,37.4199418,-122.1039216
PAST SALE,,Condo/Co-op,,Palo Alto,CA,94303,,2,2.0,,1030,,1974,,,,Sold,,,http://www.redfin.com/CA/Palo-Alto/San-Antonio-Rd-94303/home/1222222,MLSListings,,N,Y,37.4202563,-122.1041573
PAST SALE,,Single Family Residential,3874 Louis Rd,Palo Alto,CA,94303,1110000,3,2.0,,1583,6824,1956,,701,,,,,http://www.redfin.com/CA/Palo-Alto/3874-Louis-Rd-94303/home/1276692,,,N,Y,37.4246962,-122.106844
PAST SALE,,Condo/Co-op,800 E Charleston Rd #7,Palo Alto,CA,94303,250000,3,3.0,,1733,,1989,,144,,,,,http://www.redfin.com/CA/Palo-Alto/800-E-Charleston-Rd-94303/unit-7/home/599010,,,N,Y,37.4216817,-122.1044463
PAST SALE,,Condo/Co-op,800 E CHARLESTON Rd #31,Palo Alto,CA,94303,,2,3.0,,1359,,1989,,,,Sold,,,http://www.redfin.com/CA/Palo-Alto/800-E-Charleston-Rd-94303/unit-31/home/1507201,MLSListings,,N,Y,37.4216817,-122.1044463
PAST SALE,May-2-2014,Townhouse,872 ALTAIRE Walk,Palo Alto,CA,94303,1350000,3,2.5,Palo Alto,1461,1742,2010,1910,924,432,Sold,,,http://www.redfin.com/CA/Palo-Alto/872-Altaire-Walk-94303/home/40175732,MLSListings,ML81412674,N,Y,37.424179,-122.102386
PAST SALE,December-1-2015,Single Family Residential,3648 Evergreen Dr,PALO ALTO,CA,94303,2400000,4,3.0,PALO ALTO,1872,9380,1956,1332,1282,,Sold,,,http://www.redfin.com/CA/Palo-Alto/3648-Evergreen-Dr-94303/home/593209,MLSListings,ML81521454,N,Y,37.4278864,-122.110172
PAST SALE,,Single Family Residential,3631 EVERGREEN Dr,Palo Alto,CA,94303,,4,4.0,,2440,7480,1956,,,,Sold,,,http://www.redfin.com/CA/Palo-Alto/3631-Evergreen-Dr-94303/home/1338753,MLSListings,,N,Y,37.4285116,-122.1101498
PAST SALE,,Single Family Residential,3717 Ortega Ct,Palo Alto,CA,94303,380000,4,4.0,,2722,7043,2017,,140,,,,,http://www.redfin.com/CA/Palo-Alto/3717-Ortega-Ct-94303/home/1178411,,,N,Y,37.4264777,-122.1082639
PAST SALE,,Single Family Residential,4005 Sutherland Dr,Palo Alto,CA,94303,235000,3,2.0,,1482,6736,1951,,159,,,,,http://www.redfin.com/CA/Palo-Alto/4005-Sutherland-Dr-94303/home/1486505,,,N,Y,37.41941,-122.1074652
PAST SALE,May-29-2014,Single Family Residential,703 ENSIGN Way,Palo Alto,CA,94303,2092700,3,2.0,Palo Alto,2024,8000,1978,1883,1034,,Sold,,,http://www.redfin.com/CA/Palo-Alto/703-Ensign-Way-94303/home/1043507,MLSListings,ML81413070,N,Y,37.4217059,-122.1111482
PAST SALE,,Single Family Residential,1152 DONNER Ln,Palo Alto,CA,94303,,4,4.0,,1858,,2009,,,,Sold,,,http://www.redfin.com/CA/Palo-Alto/1152-Donner-Ln-94303/home/21494165,MLSListings,,N,Y,37.4371013,-122.1121688
PAST SALE,November-19-2013,Single Family Residential,760 MAYVIEW Ave,Palo Alto,CA,94303,3500000,4,3.5,Palo Alto,2813,9792,2003,2074,1244,,Sold,,,http://www.redfin.com/CA/Palo-Alto/760-Mayview-Ave-94303/home/1186009,MLSListings,ML81338878,N,Y,37.4241042,-122.1105936
PAST SALE,,Single Family Residential,3854 Corina Way,Palo Alto,CA,94303,357000,4,3.0,,1861,6742,1955,,192,,,,,http://www.redfin.com/CA/Palo-Alto/3854-Corina-Way-94303/home/990906,,,N,Y,37.4246283,-122.1076871
PAST SALE,May-3-2016,Single Family Residential,3986 Bibbits Dr,PALO ALTO,CA,94303,2250000,4,2.0,PALO ALTO,1717,6600,1957,1178,1310,,Sold,,,http://www.redfin.com/CA/Palo-Alto/3986-Bibbits-Dr-94303/home/1021464,MLSListings,ML81579915,N,Y,37.4221748,-122.1073099
PAST SALE,,Single Family Residential,3833 Corina Way,Palo Alto,CA,94303,359500,4,3.0,,1966,6825,1955,,183,,,,,http://www.redfin.com/CA/Palo-Alto/3833-Corina-Way-94303/home/1196739,,,N,Y,37.4257521,-122.1071324
PAST SALE,,Single Family Residential,902 E Meadow Dr,Palo Alto,CA,94303,198000,3,2.0,,1247,7745,1955,,159,,,,,http://www.redfin.com/CA/Palo-Alto/902-E-Meadow-Dr-94303/home/1641407,,,N,Y,37.4279028,-122.1076427
PAST SALE,,Single Family Residential,851 E Meadow Dr,Palo Alto,CA,94303,285000,3,2.0,,1500,9000,1954,,190,,,,,http://www.redfin.com/CA/Palo-Alto/851-E-Meadow-Dr-94303/home/990834,,,N,Y,37.4270944,-122.109817
PAST SALE,,Single Family Residential,3767 LOUIS Rd,Palo Alto,CA,94303,,3,2.0,,1421,7029,1955,,,,Sold,,,http://www.redfin.com/CA/Palo-Alto/3767-Louis-Rd-94303/home/595077,MLSListings,,N,Y,37.4273335,-122.1067996
PAST SALE,,Single Family Residential,1107 ALMA St,Palo Alto,CA,94301,,,,,,,,,,,Sold,,,http://www.redfin.com/CA/Palo-Alto/1107-Alma-St-94301/home/63940587,MLSListings,,N,Y,37.4388628,-122.156173
PAST SALE,,Single Family Residential,96 CHURCHILL Ave,Palo Alto,CA,94306,,4,2.0,,5256,12100,1913,,,,Sold,,,http://www.redfin.com/CA/Palo-Alto/96-Churchill-Ave-94306/home/1651518,MLSListings,,N,Y,37.4351365,-122.1516531
PAST SALE,,Single Family Residential,227 CHURCHILL Ave,Palo Alto,CA,94301,,5,5.0,,4653,7500,1997,,,,Sold,,,http://www.redfin.com/CA/Palo-Alto/227-Churchill-Ave-94301/home/1396599,MLSListings,,N,Y,37.4374299,-122.150145
PAST SALE,,Single Family Residential,1400 WAVERLEY St,Palo Alto,CA,94301,,4,4.0,,3235,9968,1906,,,,Sold,,,http://www.redfin.com/CA/Palo-Alto/1400-Waverley-St-94301/home/1338737,MLSListings,,N,Y,37.4400402,-122.1495683
PAST SALE,,Single Family Residential,102 CHURCHILL Ave,Palo Alto,CA,94301,,2,2.0,,1338,5500,1936,,,,Sold,,,http://www.redfin.com/CA/Palo-Alto/102-Churchill-Ave-94301/home/1315185,MLSListings,,N,Y,37.4356217,-122.1511652
PAST SALE,,Single Family Residential,1617 WAVERLEY St,Palo Alto,CA,94301,,3,4.0,,3386,8550,1976,,,,Sold,,,http://www.redfin.com/CA/Palo-Alto/1617-Waverley-St-94301/home/867984,MLSListings,,N,Y,37.4384748,-122.1463302
PAST SALE,,Single Family Residential,1750 Bryant St,Palo Alto,CA,94301,7000000,4,3.0,,3028,20000,1947,,2312,,,,,http://www.redfin.com/CA/Palo-Alto/1750-Bryant-St-94301/home/577621,,,N,Y,37.4359015,-122.1463524
PAST SALE,,Single Family Residential,236 TENNYSON Ave,Palo Alto,CA,94301,,4,3.0,,3570,7950,1918,,,,Sold,,,http://www.redfin.com/CA/Palo-Alto/236-Tennyson-Ave-94301/home/591383,MLSListings,,N,Y,37.4348625,-122.1458866
PAST SALE,,Single Family Residential,150 KELLOGG Ave,Palo Alto,CA,94301,,,,,,,,,,,Sold,,,http://www.redfin.com/CA/Palo-Alto/150-Kellogg-Ave-94301/home/63819076,MLSListings,,N,Y,37.4370534,-122.1518447
PAST SALE,,Single Family Residential,1147 RAMONA St,Palo Alto,CA,94301,,5,4.0,,4429,6325,2015,,,,Sold,,,http://www.redfin.com/CA/Palo-Alto/1147-Ramona-St-94301/home/562909,MLSListings,,N,Y,37.4401883,-122.1536491
PAST SALE,,Single Family Residential,1028 HIGH St,Palo Alto,CA,94301,,4,3.0,,3018,5250,2007,,,,Sold,,,http://www.redfin.com/CA/Palo-Alto/1028-High-St-94301/home/854535,MLSListings,,N,Y,37.4396957,-122.1567539
PAST SALE,,Single Family Residential,116 Melville Ave,Palo Alto,CA,94301,410000,2,2.0,,2114,7500,2007,,194,,,,,http://www.redfin.com/CA/Palo-Alto/116-Melville-Ave-94301/home/1522828,,,N,Y,37.4372689,-122.153516
PAST SALE,,Single Family Residential,1520 Bryant St,Palo Alto,CA,94301,715000,4,3.0,,2191,7200,1963,,326,,,,,http://www.redfin.com/CA/Palo-Alto/1520-Bryant-St-94301/home/1426365,,,N,Y,37.4376569,-122.148903
PAST SALE,March-7-2014,Single Family Residential,249 LOWELL Ave,Palo Alto,CA,94301,7500000,4,3.5,Palo Alto,4015,11250,1916,1966,1868,,Sold,,,http://www.redfin.com/CA/Palo-Alto/249-Lowell-Ave-94301/home/728436,MLSListings,ML81403524,N,Y,37.4360747,-122.1475722
PAST SALE,,Single Family Residential,160 Addison Ave,Palo Alto,CA,94301,70000,3,4.0,,1625,5565,1984,,43,,,,,http://www.redfin.com/CA/Palo-Alto/160-Addison-Ave-94301/home/1748002,,,N,Y,37.4399118,-122.1571531
PAST SALE,,Single Family Residential,251 CHURCHILL Ave,Palo Alto,CA,94301,,7,7.0,,5946,13500,2012,,,,Sold,,,http://www.redfin.com/CA/Palo-Alto/251-Churchill-Ave-94301/home/1798841,MLSListings,,N,Y,37.4378508,-122.1497457
PAST SALE,March-15-2013,Single Family Residential,121 LOWELL Ave,Palo Alto,CA,94301,2500000,4,1.5,Palo Alto,3923,7500,1932,2323,637,,Sold,,,http://www.redfin.com/CA/Palo-Alto/121-Lowell-Ave-94301/home/1709663,MLSListings,ML81305329,N,Y,37.434588,-122.149013
PAST SALE,,Single Family Residential,220 Tennyson Ave,Palo Alto,CA,94301,6500000,6,4.0,,5217,7700,1999,,1246,,,,,http://www.redfin.com/CA/Palo-Alto/220-Tennyson-Ave-94301/home/1391534,,,N,Y,37.4346962,-122.146064
PAST SALE,,Single Family Residential,1547 MARIPOSA Ave,Palo Alto,CA,94306,,4,2.0,,1948,6971,1930,,,,Sold,,,http://www.redfin.com/CA/Palo-Alto/1547-Mariposa-Ave-94306/home/593815,MLSListings,,N,Y,37.4345679,-122.1508103
PAST SALE,,Townhouse,1243 ALMA St,Palo Alto,CA,94301,,2,3.0,,1446,,1990,,,,Sold,,,http://www.redfin.com/CA/Palo-Alto/1243-Alma-St-94301/home/1482498,MLSListings,,N,Y,37.438027,-122.154274
PAST SALE,,Condo/Co-op,2255 SHOWERS Dr #00212,Mountain View,CA,94040,,1,1.0,,769,,1999,,,,Sold,,,http://www.redfin.com/CA/Mountain-View/2255-Showers-Dr-94040/unit-212/home/12172186,MLSListings,,N,Y,37.4072937,-122.1082379
PAST SALE,,Condo/Co-op,2255 SHOWERS Dr #00113,Mountain View,CA,94040,,1,1.0,,769,,1999,,,,Sold,,,http://www.redfin.com/CA/Mountain-View/2255-Showers-Dr-94040/unit-113/home/12172160,MLSListings,,N,Y,37.4073565,-122.108171
PAST SALE,,Condo/Co-op,2255 SHOWERS Dr #211,Mountain View,CA,94040,,1,1.0,,769,,1999,,,,Sold,,,http://www.redfin.com/CA/Mountain-View/2255-Showers-Dr-94040/unit-211/home/12172185,MLSListings,,N,Y,37.4072243,-122.1081356
PAST SALE,November-18-2016,Condo/Co-op,2255 Showers Dr #355,MOUNTAIN VIEW,CA,94040,1165000,3,3.0,MOUNTAIN VIEW,1398,1398,1999,979,833,392,Sold,,,http://www.redfin.com/CA/Mountain-View/2255-Showers-Dr-94040/unit-355/home/12172219,MLSListings,ML81627456,N,Y,37.407026,-122.1081782
PAST SALE,,Condo/Co-op,124 Pacchetti Way,Mountain View,CA,94040,521818,3,3.0,,1292,,1997,,404,,,,,http://www.redfin.com/CA/Mountain-View/124-Pacchetti-Way-94040/home/12172145,,,N,Y,37.406422,-122.107594
PAST SALE,,Condo/Co-op,2255 SHOWERS Dr #114,Mountain View,CA,94040,,1,1.0,,769,,1999,,,,Sold,,,http://www.redfin.com/CA/Mountain-View/2255-Showers-Dr-94040/unit-114/home/12172161,MLSListings,,N,Y,37.4072871,-122.1080687
PAST SALE,,Condo/Co-op,2255 SHOWERS Dr #235,Mountain View,CA,94040,,2,2.0,,980,,1999,,,,Sold,,,http://www.redfin.com/CA/Mountain-View/2255-Showers-Dr-94040/unit-235/home/12172194,MLSListings,,N,Y,37.4071816,-122.1079026
PAST SALE,September-6-2013,Condo/Co-op,2255 SHOWERS Dr #422,Mountain View,CA,94040,500000,1,1.0,Mountain View,769,871,1999,2148,650,260,Sold,,,http://www.redfin.com/CA/Mountain-View/2255-Showers-Dr-94040/unit-422/home/12172232,MLSListings,ML81327006,N,Y,37.4074092,-122.108114
PAST SALE,August-21-2014,Townhouse,116 PACCHETTI Way,Mountain View,CA,94040,1147000,3,3.0,Mountain View,1421,931,1997,1799,807,190,Sold,,,http://www.redfin.com/CA/Mountain-View/116-Pacchetti-Way-94040/home/12172148,MLSListings,ML81426699,N,Y,37.4064301,-122.107384
PAST SALE,,Condo/Co-op,2255 Showers Dr #123,Mountain View,CA,94040,260000,1,1.0,,814,,1999,,319,,,,,http://www.redfin.com/CA/Mountain-View/2255-Showers-Dr-94040/unit-123/home/2121465,,,N,Y,37.4074619,-122.108025
PAST SALE,June-13-2016,Condo/Co-op,2255 Showers Dr #421,MOUNTAIN VIEW,CA,94040,752500,1,1.0,MOUNTAIN VIEW,769,771,1999,1137,979,311,Sold,,,http://www.redfin.com/CA/Mountain-View/2255-Showers-Dr-94040/unit-421/home/2121516,MLSListings,ML81584312,N,Y,37.4073404,-122.1080118
PAST SALE,,Condo/Co-op,2255 Showers Dr #243,Mountain View,CA,94040,280000,1,1.0,,769,,1999,,364,,,,,http://www.redfin.com/CA/Mountain-View/2255-Showers-Dr-94040/unit-243/home/2121482,,,N,Y,37.4069953,-122.107917
PAST SALE,,Single Family Residential,904 LOS ROBLES,Palo Alto,CA,94306,,3,2.0,,1428,9980,,,,,Sold,,,http://www.redfin.com/CA/Palo-Alto/904-Los-Robles-Ave-94306/home/1600958,MLSListings,,N,Y,37.4082772,-122.1343749
PAST SALE,,Single Family Residential,831 TIMLOTT Ln,Palo Alto,CA,94306,,5,3.0,,2105,5078,1966,,,,Sold,,,http://www.redfin.com/CA/Palo-Alto/831-Timlott-Ln-94306/home/1349750,MLSListings,,N,Y,37.4110448,-122.1340866
PAST SALE,,Single Family Residential,3736 LA CALLE Ct,Palo Alto,CA,94306,,3,1.0,,1694,10334,1947,,,,Sold,,,http://www.redfin.com/CA/Palo-Alto/3736-La-Calle-Ct-94306/home/605756,MLSListings,,N,Y,37.4108858,-122.1368371
PAST SALE,,Single Family Residential,742 PAUL Ave,Palo Alto,CA,94306,,3,2.0,,1164,5371,1950,,,,Sold,,,http://www.redfin.com/CA/Palo-Alto/742-Paul-Ave-94306/home/563263,MLSListings,,N,Y,37.4136129,-122.133776
PAST SALE,,Multi-Family (2-4 Unit),488 MATADERO Ave,Palo Alto,CA,94306,,,,,,,,,,,Sold,,,http://www.redfin.com/CA/Palo-Alto/488-Matadero-Ave-94306/home/64093564,MLSListings,,N,Y,37.4193537,-122.1336195
PAST SALE,,Single Family Residential,776 JOSINA Ave,Palo Alto,CA,94306,,6,3.0,,2978,8725,1949,,,,Sold,,,http://www.redfin.com/CA/Palo-Alto/776-Josina-Ave-94306/home/1391375,MLSListings,,N,Y,37.4138581,-122.1370117
PAST SALE,,Single Family Residential,672 BARRON Ave,Palo Alto,CA,94306,,4,4.0,,2198,6460,2006,,,,Sold,,,http://www.redfin.com/CA/Palo-Alto/672-Barron-Ave-94306/home/1408107,MLSListings,,N,Y,37.4157329,-122.1345413
PAST SALE,October-30-2012,Single Family Residential,769 PAUL Ave,Palo Alto,CA,94306,1726000,2,2.0,Palo Alto,1754,9685,1948,2459,984,,Sold,,,http://www.redfin.com/CA/Palo-Alto/769-Paul-Ave-94306/home/1005810,MLSListings,ML81235583,N,Y,37.4127055,-122.1335542
PAST SALE,April-7-2014,Single Family Residential,795 LA PARA Ave,Palo Alto,CA,94306,2100000,3,1.0,Palo Alto,820,9060,1949,1935,2561,,Sold,,,http://www.redfin.com/CA/Palo-Alto/795-La-Para-Ave-94306/home/1245784,MLSListings,ML81406060,N,Y,37.4114206,-122.1328777
PAST SALE,January-8-2016,Single Family Residential,864 La Para Ave,PALO ALTO,CA,94306,2225000,3,2.0,PALO ALTO,1176,6042,1941,1294,1892,,Sold,,,http://www.redfin.com/CA/Palo-Alto/864-La-Para-Ave-94306/home/606422,MLSListings,ML81533856,N,Y,37.4101493,-122.1344748
PAST SALE,,Single Family Residential,848 LA PARA Ave,Palo Alto,CA,94306,,3,3.0,,2040,7639,1949,,,,Sold,,,http://www.redfin.com/CA/Palo-Alto/848-La-Para-Ave-94306/home/868200,MLSListings,,N,Y,37.4105681,-122.1341753
PAST SALE,,Single Family Residential,3920 El Cerrito Rd,Palo Alto,CA,94306,402500,4,4.0,,3354,13980,1994,,120,,,,,http://www.redfin.com/CA/Palo-Alto/3920-El-Cerrito-Rd-94306/home/604142,,,N,Y,37.4077416,-122.1354618
PAST SALE,,Single Family Residential,4080 El Cerrito Rd,Palo Alto,CA,94306,4398000,5,5.0,,3700,11431,2014,,1189,,,,,http://www.redfin.com/CA/Palo-Alto/4080-El-Cerrito-Rd-94306/home/1412877,,,N,Y,37.4058469,-122.1346633
PAST SALE,October-16-2013,Single Family Residential,4010 MANZANA Ln,Palo Alto,CA,94306,2600000,3,2.0,Palo Alto,1600,11261,1949,2108,1625,,Sold,,,http://www.redfin.com/CA/Palo-Alto/4010-Manzana-Ln-94306/home/1690406,MLSListings,ML81335619,N,Y,37.407052,-122.133549
PAST SALE,,Multi-Family (2-4 Unit),486 Matadero Ave,Palo Alto,CA,94306,120000,,,,3044,5397,1950,,39,,,,,http://www.redfin.com/CA/Palo-Alto/486-Matadero-Ave-94306/home/1482682,,,N,Y,37.419354,-122.13362
PAST SALE,,Single Family Residential,516 BARRON Ave,Palo Alto,CA,94306,,2,1.0,,845,5145,1939,,,,Sold,,,http://www.redfin.com/CA/Palo-Alto/516-Barron-Ave-94306/home/708033,MLSListings,,N,Y,37.417589,-122.1330551
PAST SALE,,Single Family Residential,710 Matadero Ave,Palo Alto,CA,94306,285000,2,1.0,,1036,5658,1950,,275,,,,,http://www.redfin.com/CA/Palo-Alto/710-Matadero-Ave-94306/home/1391369,,,N,Y,37.4160815,-122.1375025
PAST SALE,,Single Family Residential,624 Kendall Ave,Palo Alto,CA,94306,414500,3,2.0,,1218,7273,1972,,340,,,,,http://www.redfin.com/CA/Palo-Alto/624-Kendall-Ave-94306/home/893422,,,N,Y,37.4166953,-122.1351069
PAST SALE,,Single Family Residential,645 BARRON Ave,Palo Alto,CA,94306,,4,3.0,,2392,5304,1990,,,,Sold,,,http://www.redfin.com/CA/Palo-Alto/645-Barron-Ave-94306/home/1323176,MLSListings,,N,Y,37.4157946,-122.1339978
PAST SALE,,Single Family Residential,741 Barron Ave,Palo Alto,CA,94306,332500,4,2.5,,1756,6240,1953,,189,,,,,http://www.redfin.com/CA/Palo-Alto/741-Barron-Ave-94306/home/1391387,,,N,Y,37.414281,-122.1346633
PAST SALE,March-21-2012,Single Family Residential,3901 LAGUNA Ave,Palo Alto,CA,94306,2200000,4,3.0,Palo Alto,2277,7104,2009,2682,966,,Sold,,,http://www.redfin.com/CA/Palo-Alto/3901-Laguna-Ave-94306/home/826092,MLSListings,ML81204081,N,Y,37.4091322,-122.1347077
PAST SALE,,Single Family Residential,855 ILIMA Ct,Palo Alto,CA,94306,,3,2.0,,1323,6181,1956,,,,Sold,,,http://www.redfin.com/CA/Palo-Alto/855-Ilima-Ct-94306/home/620777,MLSListings,,N,Y,37.4105105,-122.1356947
PAST SALE,,Single Family Residential,825 Matadero Ave,Palo Alto,CA,94306,455000,3,3.0,,1890,9940,1956,,241,,,,,http://www.redfin.com/CA/Palo-Alto/825-Matadero-Ave-94306/home/1601791,,,N,Y,37.4139942,-122.1387003
PAST SALE,,Single Family Residential,827 Chimalus Dr,Palo Alto,CA,94306,259000,4,3.0,,2425,6229,2016,,107,,,,,http://www.redfin.com/CA/Palo-Alto/827-Chimalus-Dr-94306/home/143041935,,,N,Y,37.4144537,-122.1394101
PAST SALE,,Single Family Residential,4017 MANZANA Ln,Palo Alto,CA,94306,,3,2.0,,1852,10078,1955,,,,Sold,,,http://www.redfin.com/CA/Palo-Alto/4017-Manzana-Ln-94306/home/1446591,MLSListings,,N,Y,37.4073883,-122.133288
PAST SALE,March-29-2012,Single Family Residential,1028 PARADISE Way,Palo Alto,CA,94306,1700000,4,2.5,BARRON PARK,1918,6056,1965,2674,886,,Sold,,,http://www.redfin.com/CA/Palo-Alto/1028-Paradise-Way-94306/home/547067,MLSListings,ML81206115,N,Y,37.407987,-122.13716
PAST SALE,,Single Family Residential,825 ALLARDICE Way,Unincorporated,CA,94305,,7,5.0,,3520,12860,1972,,,,Sold,,,http://www.redfin.com/CA/Stanford/825-Allardice-Way-94305/home/1601839,MLSListings,,N,Y,37.410509,-122.1537156
PAST SALE,,Single Family Residential,2255 WELLESLEY St,Palo Alto,CA,94301,,4,4.0,,2314,6348,2006,,,,Sold,,,http://www.redfin.com/CA/Palo-Alto/2255-Wellesley-St-94306/home/1512237,MLSListings,,N,Y,37.4235813,-122.1488586
PAST SALE,,Single Family Residential,323 STANFORD Ave,Palo Alto,CA,94306,,4,4.0,,2809,7500,1993,,,,Sold,,,http://www.redfin.com/CA/Palo-Alto/323-Stanford-Ave-94306/home/1354000,MLSListings,,N,Y,37.4295713,-122.1473948
PAST SALE,September-10-2013,Single Family Residential,1560 MARIPOSA Ave,Palo Alto,CA,94306,2205000,3,2.0,Palo Alto,1900,6000,1928,2144,1161,,Sold,,,http://www.redfin.com/CA/Palo-Alto/1560-Mariposa-Ave-94306/home/1560406,MLSListings,ML81327970,N,Y,37.4341528,-122.1509434
PAST SALE,,Single Family Residential,2345 DARTMOUTH St,Palo Alto,CA,94306,,2,2.0,,1001,6250,1938,,,,Sold,,,http://www.redfin.com/CA/Palo-Alto/2345-Dartmouth-St-94306/home/1524123,MLSListings,,N,Y,37.4189112,-122.1516531
PAST SALE,,Condo/Co-op,410 SHERIDAN Ave #103,Palo Alto,CA,94306,,2,2.0,,1293,,1977,,,,Sold,,,http://www.redfin.com/CA/Palo-Alto/410-Sheridan-Ave-94306/unit-103/home/1449289,MLSListings,,N,Y,37.4244167,-122.1425583
PAST SALE,,Single Family Residential,2030 CORNELL St,Palo Alto,CA,94306,,4,3.0,,2835,6837,1988,,,,Sold,,,http://www.redfin.com/CA/Palo-Alto/2030-Cornell-St-94306/home/1396939,MLSListings,,N,Y,37.4238223,-122.152141
PAST SALE,,Single Family Residential,1671 EL CAMINO REAL,Palo Alto,CA,94306,,2,2.0,,1225,9518,1945,,,,Sold,,,http://www.redfin.com/CA/Palo-Alto/1671-El-Camino-Real-94306/home/1227127,MLSListings,,N,Y,37.4308295,-122.152141
PAST SALE,,Single Family Residential,1535 COLLEGE Ave,Palo Alto,CA,94306,,4,4.0,,2957,5600,1998,,,,Sold,,,http://www.redfin.com/CA/Palo-Alto/1535-College-Ave-94306/home/1222314,MLSListings,,N,Y,37.4184153,-122.1537822
PAST SALE,,Single Family Residential,1585 COLLEGE Ave,Palo Alto,CA,94306,,4,4.0,,3605,5981,2009,,,,Sold,,,http://www.redfin.com/CA/Palo-Alto/1585-College-Ave-94306/home/1136236,MLSListings,,N,Y,37.4180482,-122.1540039
PAST SALE,,Condo/Co-op,435 SHERIDAN Ave #206,Palo Alto,CA,94306,,2,2.0,,1461,,2000,,,,Sold,,,http://www.redfin.com/CA/Palo-Alto/435-Sheridan-Ave-94306/unit-206/home/1030965,MLSListings,,N,Y,37.4240917,-122.1417087
PAST SALE,,Single Family Residential,360 LELAND Ave,Palo Alto,CA,94306,,4,1.0,,2044,18750,1904,,,,Sold,,,http://www.redfin.com/CA/Palo-Alto/360-Leland-Ave-94306/home/854604,MLSListings,,N,Y,37.4299055,-122.1492578
PAST SALE,,Condo/Co-op,425 GRANT Ave #33,Palo Alto,CA,94306,,2,2.0,,906,,1962,,,,Sold,,,http://www.redfin.com/CA/Palo-Alto/425-Grant-Ave-94306/unit-33/home/808898,MLSListings,,N,Y,37.4252091,-122.1427181
PAST SALE,,Condo/Co-op,435 Sheridan Ave #107,Palo Alto,CA,94306,170000,2,2.0,,1282,,1999,,133,,,,,http://www.redfin.com/CA/Palo-Alto/435-Sheridan-Ave-94306/unit-107/home/726509,,,N,Y,37.4239072,-122.1418049
PAST SALE,,Single Family Residential,2270 YALE St,Palo Alto,CA,94306,,3,2.5,,1440,5000,1910,,,,Sold,,,http://www.redfin.com/CA/Palo-Alto/2270-Yale-St-94306/home/672119,MLSListings,,N,Y,37.4245864,-122.1480158
PAST SALE,,Single Family Residential,2340 PRINCETON St,Palo Alto,CA,94306,,4,3.0,,2312,6399,1994,,,,Sold,,,http://www.redfin.com/CA/Palo-Alto/2340-Princeton-St-94306/home/605033,MLSListings,,N,Y,37.4213799,-122.1495683
PAST SALE,,Single Family Residential,1183 STANFORD Ave,Palo Alto,CA,94306,,2,2.0,,986,3278,1952,,,,Sold,,,http://www.redfin.com/CA/Palo-Alto/1183-Stanford-Ave-94306/home/604498,MLSListings,,N,Y,37.4220405,-122.1536602
PAST SALE,,Single Family Residential,365 COLLEGE Ave,Palo Alto,CA,94306,,3,2.0,,1494,6680,1924,,,,Sold,,,http://www.redfin.com/CA/Palo-Alto/365-College-Ave-94306/home/595807,MLSListings,,N,Y,37.4279601,-122.1456648
PAST SALE,,Condo/Co-op,115 PETER COUTTS Cir,Unincorporated,CA,94305,,2,2.0,,1305,,1982,,,,Sold,,,http://www.redfin.com/CA/Stanford/115-Peter-Coutts-Cir-94305/home/1315805,MLSListings,,N,Y,37.4147279,-122.152438
PAST SALE,,Multi-Family (2-4 Unit),2215-2225 Alma St,Palo Alto,CA,94301,,,,,,,,,,,Sold,,,http://www.redfin.com/CA/Palo-Alto/2215-Alma-St-94301/home/148075632,San Francisco MLS,,N,Y,37.4302772,-122.1425318
PAST SALE,February-5-2015,Condo/Co-op,4 PETER COUTTS Cir,Stanford,CA,94305,839000,2,2.0,Stanford,1422,6098,1982,1631,590,849,Sold,,,http://www.redfin.com/CA/Stanford/4-Peter-Coutts-Cir-94305/home/912213,MLSListings,ML81436495,N,Y,37.413649,-122.15284
PAST SALE,,Single Family Residential,2150 BRYANT St,Palo Alto,CA,94301,,4,4.0,,3395,10000,1941,,,,Sold,,,http://www.redfin.com/CA/Palo-Alto/2150-Bryant-St-94301/home/592076,MLSListings,,N,Y,37.4327154,-122.1412289
PAST SALE,,Multi-Family (2-4 Unit),568 CAMBRIDGE Ave,Palo Alto,CA,94306,,,,,,,,,,,Sold,,,http://www.redfin.com/CA/Palo-Alto/568-Cambridge-Ave-94306/home/23671154,MLSListings,,N,Y,37.4251026,-122.1475855
PAST SALE,,Multi-Family (2-4 Unit),582 OXFORD Ave,Palo Alto,CA,94306,,,,,,,,,,,Sold,,,http://www.redfin.com/CA/Palo-Alto/582-Oxford-Ave-94306/home/23113792,MLSListings,,N,Y,37.4259969,-122.1495445
PAST SALE,,Other,2051 El Camino Real,Palo Alto,CA,94306,,,,,,,,,,,Sold,,,http://www.redfin.com/CA/Palo-Alto/2051-El-Camino-Real-94306/home/21839099,MLSListings,,N,Y,37.4275487,-122.1485037
PAST SALE,,Multi-Family (2-4 Unit),2120 ASH St,Palo Alto,CA,94306,,,,,,,,,,,Sold,,,http://www.redfin.com/CA/Palo-Alto/2120-Ash-St-94306/home/113843418,MLSListings,,N,Y,37.4279054,-122.1471399
PAST SALE,,Single Family Residential,2047 AMHERST St,Palo Alto,CA,94306,,,,,,,,,,,Sold,,,http://www.redfin.com/CA/Palo-Alto/2047-Amherst-St-94306/home/113810460,MLSListings,,N,Y,37.4183231,-122.1562545
PAST SALE,,Condo/Co-op,117 S CALIFORNIA Ave Unit D302,Palo Alto,CA,94306,,,,,,,,,,,Sold,,,http://www.redfin.com/CA/Palo-Alto/117-California-Ave-94306/unit-D302/home/113815034,MLSListings,,N,Y,37.4284713,-122.1427619
PAST SALE,,Condo/Co-op,133 S CALIFORNIA Ave Unit C204,Palo Alto,CA,94306,,,,,,,,,,,Sold,,,http://www.redfin.com/CA/Palo-Alto/133-California-Ave-94306/unit-C204/home/113799325,MLSListings,,N,Y,37.4285756,-122.1428495
PAST SALE,,Single Family Residential,262 N CALIFORNIA Ave,Palo Alto,CA,94301,,5,4.0,,3432,4946,2012,,,,Sold,,,http://www.redfin.com/CA/Palo-Alto/262-N-California-Ave-94301/home/1626752,MLSListings,,N,Y,37.4317431,-122.1399868
PAST SALE,,Condo/Co-op,850 ALTAIRE WALK Walk #57,Palo Alto,CA,94303,,,,,,,,,,,Sold,,,http://www.redfin.com/CA/Palo-Alto/850-Altaire-Walk-94303/unit-57/home/18647799,MLSListings,,N,Y,37.424591,-122.102005
PAST SALE,,Unknown,860 Altaire Walk,Palo Alto,CA,94303,856500,,,,,,,,,,,,,http://www.redfin.com/CA/Palo-Alto/860-Altaire-Walk-94303/home/28630384,,,N,Y,37.424248,-122.102813
PAST SALE,,Single Family Residential,1556 Madrono Ave,Palo Alto,CA,94306,140000,4,4.0,,2310,5250,1947,,61,,,,,http://www.redfin.com/CA/Palo-Alto/1556-Madrono-Ave-94306/home/1377423,,,N,Y,37.4326597,-122.1524071
PAST SALE,,Single Family Residential,2350 Harvard St,Palo Alto,CA,94306,325000,3,3.0,,1303,3200,1938,,249,,,,,http://www.redfin.com/CA/Palo-Alto/2350-Harvard-St-94306/home/1590867,,,N,Y,37.4199298,-122.150766
PAST SALE,,Single Family Residential,1621 MARIPOSA Ave,Palo Alto,CA,94306,,2,2.0,,1404,6960,1927,,,,Sold,,,http://www.redfin.com/CA/Palo-Alto/1621-Mariposa-Ave-94306/home/893127,MLSListings,,N,Y,37.4335536,-122.1492135
PAST SALE,,Single Family Residential,1637 ESCOBITA Ave,Palo Alto,CA,94306,,4,2.0,,2192,6629,1951,,,,Sold,,,http://www.redfin.com/CA/Palo-Alto/1637-Escobita-Ave-94306/home/1090434,MLSListings,,N,Y,37.4324438,-122.150278
PAST SALE,,Townhouse,891 FEDERATION Way #6,Palo Alto,CA,94303,,,,,,,,,,,Sold,,,http://www.redfin.com/CA/Palo-Alto/891-Federation-Way-94303/unit-6/home/28620994,MLSListings,,N,Y,37.424123,-122.103233
PAST SALE,,Single Family Residential,300 MIRAMONTE Ave,Palo Alto,CA,94306,,3,2.0,,2429,6208,1940,,,,Sold,,,http://www.redfin.com/CA/Palo-Alto/300-Miramonte-Ave-94306/home/1522929,MLSListings,,N,Y,37.4324311,-122.1514313
PAST SALE,June-17-2016,Single Family Residential,1613 Mariposa Ave,PALO ALTO,CA,94306,1800000,2,2.0,PALO ALTO,1343,5702,1938,1133,1340,,Sold,,,http://www.redfin.com/CA/Palo-Alto/1613-Mariposa-Ave-94306/home/906692,MLSListings,ML81587532,N,Y,37.4336496,-122.1493909
PAST SALE,May-13-2014,Single Family Residential,1540 PORTOLA Ave,Palo Alto,CA,94306,3300000,4,3.0,Palo Alto,2084,5250,2012,1899,1583,,Sold,,,http://www.redfin.com/CA/Palo-Alto/1540-Portola-Ave-94306/home/1652755,MLSListings,ML81411733,N,Y,37.4321821,-122.1531168
PAST SALE,,Multi-Family (2-4 Unit),26 Churchill Ave,Palo Alto,CA,94306,750000,,,,1771,6300,1945,,423,,,,,http://www.redfin.com/CA/Palo-Alto/26-Churchill-Ave-94306/home/1227116,,,N,Y,37.4333483,-122.1534717
PAST SALE,November-18-2015,Single Family Residential,460 Sequoia Ave,PALO ALTO,CA,94306,2195000,2,1.5,PALO ALTO,1329,6167,1952,1345,1652,,Sold,,,http://www.redfin.com/CA/Palo-Alto/460-Sequoia-Ave-94306/home/620410,MLSListings,ML81519673,N,Y,37.432101,-122.1488142
PAST SALE,July-26-2013,Multi-Family (2-4 Unit),475 OXFORD Ave,Palo Alto,CA,94306,1500000,4,3.0,Palo Alto,1441,8512,1938,2190,1041,,Sold,,,http://www.redfin.com/CA/Palo-Alto/475-Oxford-Ave-94306/home/594538,MLSListings,ML81240344,N,Y,37.42722,-122.147702
PAST SALE,,Condo/Co-op,334 GRANT Ave,Palo Alto,CA,94306,,2,1.0,,899,,1983,,,,Sold,,,http://www.redfin.com/CA/Palo-Alto/334-Grant-Ave-94306/home/1458418,MLSListings,,N,Y,37.426101,-122.142542
PAST SALE,December-30-2015,Condo/Co-op,344 Grant Ave,PALO ALTO,CA,94306,1010000,2,1.0,PALO ALTO,899,871,1983,1303,1123,407,Sold,,,http://www.redfin.com/CA/Palo-Alto/344-Grant-Ave-94306/home/767745,MLSListings,ML81521879,N,Y,37.426062,-122.142793
PAST SALE,July-23-2013,Condo/Co-op,153 S CALIFORNIA Ave Unit F103,Palo Alto,CA,94306,850000,2,2.0,Palo Alto,1117,1307,1982,2193,761,555,Sold,,,http://www.redfin.com/CA/Palo-Alto/153-California-Ave-94306/unit-F103/home/592166,MLSListings,ML81323432,N,Y,37.4284695,-122.1421116
PAST SALE,,Townhouse,153 S CALIFORNIA Ave Unit F207,Palo Alto,CA,94306,,2,2.0,,1247,,1982,,,,Sold,,,http://www.redfin.com/CA/Palo-Alto/153-California-Ave-94306/unit-F207/home/577642,MLSListings,,N,Y,37.4284695,-122.1421116
PAST SALE,,Condo/Co-op,2569 PARK Blvd Unit T107,Palo Alto,CA,94306,,2,3.0,,1261,,1993,,,,Sold,,,http://www.redfin.com/CA/Palo-Alto/2569-Park-Blvd-94306/unit-T107/home/1172768,MLSListings,,N,Y,37.4282394,-122.1410819
PAST SALE,November-26-2012,Single Family Residential,440 OLIVE Ave,Palo Alto,CA,94306,2300000,5,4.5,Palo Alto,3605,5983,1949,2432,638,,Sold,,,http://www.redfin.com/CA/Palo-Alto/440-Olive-Ave-94306/home/1338934,MLSListings,ML81239444,N,Y,37.4230441,-122.1396319
PAST SALE,,Condo/Co-op,425 Grant Ave #21,Palo Alto,CA,94306,154000,2,2.0,,906,,1962,,170,,,,,http://www.redfin.com/CA/Palo-Alto/425-Grant-Ave-94306/unit-21/home/1574909,,,N,Y,37.4252091,-122.1427181
PAST SALE,,Condo/Co-op,425 GRANT Ave #25,Palo Alto,CA,94306,,3,2.0,,1302,,1962,,,,Sold,,,http://www.redfin.com/CA/Palo-Alto/425-Grant-Ave-94306/unit-25/home/1222265,MLSListings,,N,Y,37.4250386,-122.1426137
PAST SALE,,Condo/Co-op,425 GRANT Ave #30,Palo Alto,CA,94306,,2,2.0,,906,,1962,,,,Sold,,,http://www.redfin.com/CA/Palo-Alto/425-Grant-Ave-94306/unit-30/home/603592,MLSListings,,N,Y,37.4251342,-122.1425218
PAST SALE,,Single Family Residential,790 College Ave,Palo Alto,CA,94306,370000,4,4.0,,2977,5794,2007,,124,,,,,http://www.redfin.com/CA/Palo-Alto/790-College-Ave-94306/home/768031,,,N,Y,37.4240048,-122.149779
PAST SALE,April-11-2016,Single Family Residential,2124 Cornell St,PALO ALTO,CA,94306,4120000,5,4.0,PALO ALTO,3583,6250,2007,1200,1150,,Sold,,,http://www.redfin.com/CA/Palo-Alto/2124-Cornell-St-94306/home/1320552,MLSListings,ML81565631,N,Y,37.4232324,-122.1511208
PAST SALE,,Single Family Residential,2100 COLUMBIA St,Palo Alto,CA,94306,,4,4.0,,1872,3839,1979,,,,Sold,,,http://www.redfin.com/CA/Palo-Alto/2100-Columbia-St-94306/home/1258190,MLSListings,,N,Y,37.419082,-122.154962
PAST SALE,,Single Family Residential,1123 Stanford Ave,Palo Alto,CA,94306,850000,2,1.0,,796,3180,1940,,1068,,,,,http://www.redfin.com/CA/Palo-Alto/1123-Stanford-Ave-94306/home/1680281,,,N,Y,37.4223206,-122.1534162
PAST SALE,,Single Family Residential,218 N CALIFORNIA Ave,Palo Alto,CA,94301,,2,1.0,,851,2236,1934,,,,Sold,,,http://www.redfin.com/CA/Palo-Alto/218-N-California-Ave-94301/home/1006870,MLSListings,,N,Y,37.4311044,-122.1406411
PAST SALE,November-30-2012,Multi-Family (2-4 Unit),103 TENNYSON Ave,Palo Alto,CA,94301,1560000,6,5.0,Palo Alto,3371,7500,1970,2428,463,,Sold,,,http://www.redfin.com/CA/Palo-Alto/103-Tennyson-Ave-94301/home/1499158,MLSListings,ML81240014,N,Y,37.4335451,-122.1478827
PAST SALE,January-6-2017,Single Family Residential,151 Seale Ave,PALO ALTO,CA,94301,5032624,6,4.5,PALO ALTO,4686,7500,2016,930,1074,,Sold,,,http://www.redfin.com/CA/Palo-Alto/151-Seale-Ave-94301/home/1771011,MLSListings,ML81626367,N,Y,37.4334223,-122.146064
PAST SALE,,Single Family Residential,2056 Emerson St,Palo Alto,CA,94301,320000,3,1.0,,1018,7500,1920,,314,,,,,http://www.redfin.com/CA/Palo-Alto/2056-Emerson-St-94301/home/592551,,,N,Y,37.432186,-122.143536
PAST SALE,,Single Family Residential,159 NEVADA Ave,Palo Alto,CA,94301,,2,1.0,,954,3505,1948,,,,Sold,,,http://www.redfin.com/CA/Palo-Alto/159-Nevada-Ave-94301/home/592344,MLSListings,,N,Y,37.4302855,-122.1409627
PAST SALE,,Single Family Residential,1565 Castilleja Ave,Palo Alto,CA,94306,475500,3,1.0,,1693,6009,1928,,281,,,,,http://www.redfin.com/CA/Palo-Alto/1565-Castilleja-Ave-94306/home/1411580,,,N,Y,37.4338262,-122.1510321
PAST SALE,,Single Family Residential,1568 MARIPOSA Ave,Palo Alto,CA,94306,,3,3.25,,2544,6000,2011,,,,Sold,,,http://www.redfin.com/CA/Palo-Alto/1568-Mariposa-Ave-94306/home/820149,MLSListings,,N,Y,37.4340433,-122.1508103
PAST SALE,,Single Family Residential,1654 Mariposa Ave,Palo Alto,CA,94306,615000,3,3.0,,2176,6009,1924,,283,,,,,http://www.redfin.com/CA/Palo-Alto/1654-Mariposa-Ave-94306/home/1470709,,,N,Y,37.4327408,-122.1486812
PAST SALE,,Single Family Residential,1645 Madrono Ave,Palo Alto,CA,94306,750000,5,3.0,,2074,5781,1925,,362,,,,,http://www.redfin.com/CA/Palo-Alto/1645-Madrono-Ave-94306/home/1784417,,,N,Y,37.4319662,-122.1509877
PAST SALE,,Single Family Residential,1511 Madrono Ave,Palo Alto,CA,94306,675000,2,1.0,,2583,10614,1928,,261,,,,,http://www.redfin.com/CA/Palo-Alto/1511-Madrono-Ave-94306/home/562997,,,N,Y,37.4336371,-122.1528285
PAST SALE,,Single Family Residential,233 OXFORD Ave,Palo Alto,CA,94306,,2,1.0,,808,7500,1938,,,,Sold,,,http://www.redfin.com/CA/Palo-Alto/233-Oxford-Ave-94306/home/1540967,MLSListings,,N,Y,37.4301064,-122.1454763
PAST SALE,,Single Family Residential,2053 Park Blvd,Palo Alto,CA,94306,1028000,1,2.0,,1411,7558,1924,,729,,,,,http://www.redfin.com/CA/Palo-Alto/2053-Park-Blvd-94306/home/1227133,,,N,Y,37.4311318,-122.1457092
PAST SALE,,Single Family Residential,123 Sherman Ave,Palo Alto,CA,94306,1450000,2,3.0,,1918,3199,1990,,756,,,,,http://www.redfin.com/CA/Palo-Alto/123-Sherman-Ave-94306/home/1258096,,,N,Y,37.4280618,-122.1418388
PAST SALE,,Condo/Co-op,149 California Ave Unit A302,Palo Alto,CA,94306,319000,2,2.0,,1247,,1982,,256,,,,,http://www.redfin.com/CA/Palo-Alto/149-California-Ave-94306/unit-A302/home/990792,,,N,Y,37.4281215,-122.1420843
PAST SALE,,Condo/Co-op,2579 PARK Blvd Unit X200,Palo Alto,CA,94306,,2,3.0,,1290,,1993,,,,Sold,,,http://www.redfin.com/CA/Palo-Alto/2579-Park-Blvd-94306/unit-X200/home/1396667,MLSListings,,N,Y,37.4277537,-122.1407095
PAST SALE,August-21-2012,Single Family Residential,450 PEPPER Ave,Palo Alto,CA,94306,1530000,4,3.0,Palo Alto,2338,6733,1996,2529,654,,Sold,,,http://www.redfin.com/CA/Palo-Alto/450-Pepper-Ave-94306/home/728652,MLSListings,ML81228301,N,Y,37.4234228,-122.1406078
PAST SALE,June-21-2012,Condo/Co-op,455 GRANT Ave #12,Palo Alto,CA,94306,612000,2,2.0,Palo Alto,906,943,1962,2590,675,556,Sold,,,http://www.redfin.com/CA/Palo-Alto/455-Grant-Ave-94306/unit-12/home/563201,MLSListings,ML81217588,N,Y,37.4248933,-122.1428671
PAST SALE,,Condo/Co-op,410 Sheridan Ave #218,Palo Alto,CA,94306,64500,1,1.0,,804,,1977,,80,,,,,http://www.redfin.com/CA/Palo-Alto/410-Sheridan-Ave-94306/unit-218/home/620682,,,N,Y,37.4244945,-122.1426409
PAST SALE,,Single Family Residential,2270 Cornell St,Palo Alto,CA,94306,3300000,4,3.0,,2394,6383,2014,,1378,,,,,http://www.redfin.com/CA/Palo-Alto/2270-Cornell-St-94306/home/1762177,,,N,Y,37.4225253,-122.1497457
PAST SALE,,Single Family Residential,2303 OBERLIN St,Palo Alto,CA,94306,,3,2.0,,1420,5332,1968,,,,Sold,,,http://www.redfin.com/CA/Palo-Alto/2303-Oberlin-St-94306/home/1069741,MLSListings,,N,Y,37.421205,-122.150145
PAST SALE,,Single Family Residential,1567 COLLEGE Ave,Palo Alto,CA,94306,,5,4.0,,3729,5750,2006,,,,Sold,,,http://www.redfin.com/CA/Palo-Alto/1567-College-Ave-94306/home/603185,MLSListings,,N,Y,37.4181741,-122.1539596
PAST SALE,,Single Family Residential,2150 HANOVER St,Palo Alto,CA,94306,,2,1.0,,760,3058,1937,,,,Sold,,,http://www.redfin.com/CA/Palo-Alto/2150-Hanover-St-94306/home/1748498,MLSListings,,N,Y,37.4202158,-122.1531279
PAST SALE,,Townhouse,2154 STAUNTON Ct,Palo Alto,CA,94306,,3,3.0,,1824,,1985,,,,Sold,,,http://www.redfin.com/CA/Palo-Alto/2154-Staunton-Ct-94306/home/879107,MLSListings,,N,Y,37.4259953,-122.1487716
PAST SALE,,Condo/Co-op,99 Peter Coutts Cir,Stanford,CA,94305,220000,2,2.0,,1305,,1982,,169,,,,,http://www.redfin.com/CA/Stanford/99-Peter-Coutts-Cir-94305/home/609369,,,N,Y,37.4147718,-122.1521115
PAST SALE,,Single Family Residential,1626 Madrono Ave,Palo Alto,CA,94306,1600000,3,1.0,,1646,5250,1928,,972,,,,,http://www.redfin.com/CA/Palo-Alto/1626-Madrono-Ave-94306/home/1665990,,,N,Y,37.4319651,-122.1516087
PAST SALE,April-24-2013,Single Family Residential,1521 PORTOLA Ave,Palo Alto,CA,94306,2810000,5,2.5,Palo Alto,2940,6300,1968,2283,956,,Sold,,,http://www.redfin.com/CA/Palo-Alto/1521-Portola-Ave-94306/home/1458395,MLSListings,ML81311236,N,Y,37.4325626,-122.1528507
PAST SALE,,Single Family Residential,214 OXFORD Ave,Palo Alto,CA,94306,,3,2.0,,1493,7028,1947,,,,Sold,,,http://www.redfin.com/CA/Palo-Alto/214-Oxford-Ave-94306/home/1082425,MLSListings,,N,Y,37.4305937,-122.1457535
PAST SALE,,Single Family Residential,334 Leland Ave,Palo Alto,CA,94306,1057000,5,4.0,,4716,7500,2006,,224,,,,,http://www.redfin.com/CA/Palo-Alto/334-Leland-Ave-94306/home/1482593,,,N,Y,37.4302486,-122.1489917
PAST SALE,,Condo/Co-op,161 S CALIFORNIA Ave Unit K104,Palo Alto,CA,94306,,2,2.0,,1117,,1982,,,,Sold,,,http://www.redfin.com/CA/Palo-Alto/161-California-Ave-94306/unit-K104/home/1465728,MLSListings,,N,Y,37.4287057,-122.1419208
PAST SALE,,Condo/Co-op,2571 Park Blvd Unit R100,Palo Alto,CA,94306,201500,2,1.0,,923,,1993,,218,,,,,http://www.redfin.com/CA/Palo-Alto/2571-Park-Blvd-94306/unit-R100/home/1465810,,,N,Y,37.4280785,-122.1411197
PAST SALE,,Condo/Co-op,410 SHERIDAN Ave #447,Palo Alto,CA,94306,,1,1.0,,897,,1977,,,,Sold,,,http://www.redfin.com/CA/Palo-Alto/410-Sheridan-Ave-94306/unit-447/home/1208898,MLSListings,,N,Y,37.4245713,-122.1425961
PAST SALE,October-12-2016,Single Family Residential,471 Pepper Ave,PALO ALTO,CA,94306,1585000,2,1.0,PALO ALTO,1402,5985,1895,1016,1131,,Sold,,,http://www.redfin.com/CA/Palo-Alto/471-Pepper-Ave-94306/home/1528190,MLSListings,ML81597593,N,Y,37.4229654,-122.140386
PAST SALE,,Condo/Co-op,5 Peter Coutts Cir,Stanford,CA,94305,176000,2,2.0,,1305,,1982,,135,,,,,http://www.redfin.com/CA/Stanford/5-Peter-Coutts-Cir-94305/home/1209122,,,N,Y,37.41352,-122.152808
PAST SALE,June-29-2012,Single Family Residential,259 SANTA RITA Ave,Palo Alto,CA,94301,2595000,5,2.0,Palo Alto,1773,10000,1927,2582,1464,,Sold,,,http://www.redfin.com/CA/Palo-Alto/259-Santa-Rita-Ave-94301/home/1196690,MLSListings,ML81222477,N,Y,37.4329383,-122.1424709
PAST SALE,,Single Family Residential,1646 Castilleja Ave,Palo Alto,CA,94306,462000,2,1.0,,1334,6031,1939,,346,,,,,http://www.redfin.com/CA/Palo-Alto/1646-Castilleja-Ave-94306/home/1208563,,,N,Y,37.4326024,-122.1498788
PAST SALE,November-16-2012,Single Family Residential,1623 ESCOBITA Ave,Palo Alto,CA,94306,2243000,5,3.0,Palo Alto,2493,6760,1927,2442,900,,Sold,,,http://www.redfin.com/CA/Palo-Alto/1623-Escobita-Ave-94306/home/593837,MLSListings,ML81238099,N,Y,37.4325533,-122.1504111
PAST SALE,,Single Family Residential,2317 Harvard St Unit B,Palo Alto,CA,94306,1175000,1,1.0,,400,6349,1940,,2938,,,,,http://www.redfin.com/CA/Palo-Alto/2317-Harvard-St-94306/unit-B/home/605038,,,N,Y,37.4203691,-122.150714
PAST SALE,,Single Family Residential,440 Sequoia Ave,Palo Alto,CA,94306,600000,2,2.0,,1170,7740,1936,,513,,,,,http://www.redfin.com/CA/Palo-Alto/440-Sequoia-Ave-94306/home/1005208,,,N,Y,37.4319904,-122.1493022
PAST SALE,,Single Family Residential,1092 CARDINAL Way,Palo Alto,CA,94303,,4,3.0,,2150,6060,1966,,,,Sold,,,http://www.redfin.com/CA/Palo-Alto/1092-Cardinal-Way-94303/home/1043493,MLSListings,,N,Y,37.44391,-122.1225958
PAST SALE,,Single Family Residential,2708 GREER Rd,Palo Alto,CA,94303,,4,3.0,,1969,6527,2009,,,,Sold,,,http://www.redfin.com/CA/Palo-Alto/2708-Greer-Rd-94303/home/593660,MLSListings,,N,Y,37.4407632,-122.1219747
PAST SALE,,Vacant Land,984 COLONIAL Ln,Palo Alto,CA,94303,,5,3.0,,2558,8047,2007,,,,Sold,,,http://www.redfin.com/CA/Palo-Alto/984-Colonial-Ln-94303/home/12171414,MLSListings,,N,Y,37.4410853,-122.1232613
PAST SALE,,Condo/Co-op,1054 Colorado Pl,Palo Alto,CA,94303,259000,2,3.0,,1572,,1981,,165,,,,,http://www.redfin.com/CA/Palo-Alto/1054-Colorado-Pl-94303/home/1308538,,,N,Y,37.4389788,-122.1163843
PAST SALE,March-1-2012,Single Family Residential,947 VAN AUKEN Cir,Palo Alto,CA,94303,1175000,3,1.0,Palo Alto,1080,5760,1951,2702,1088,,Sold,,,http://www.redfin.com/CA/Palo-Alto/947-Van-Auken-Cir-94303/home/1173710,MLSListings,ML81203560,N,Y,37.4397649,-122.1219303
PAST SALE,,Single Family Residential,950 Van Auken Cir,Palo Alto,CA,94303,325000,3,1.0,,1512,6434,1951,,215,,,,,http://www.redfin.com/CA/Palo-Alto/950-Van-Auken-Cir-94303/home/594347,,,N,Y,37.4393498,-122.1220634
PAST SALE,,Single Family Residential,990 Van Auken Cir,Palo Alto,CA,94303,345000,4,2.0,,1478,6321,1951,,233,,,,,http://www.redfin.com/CA/Palo-Alto/990-Van-Auken-Cir-94303/home/592947,,,N,Y,37.4396557,-122.1206214
PAST SALE,,Single Family Residential,975 Amarillo Ave,Palo Alto,CA,94303,840000,3,2.0,,1373,5590,1966,,612,,,,,http://www.redfin.com/CA/Palo-Alto/975-Amarillo-Ave-94303/home/1411630,,,N,Y,37.4405741,-122.123217
PAST SALE,,Single Family Residential,986 COLONIAL Ln,Palo Alto,CA,94303,,4,2.0,,1968,6678,1961,,,,Sold,,,http://www.redfin.com/CA/Palo-Alto/986-Colonial-Ln-94303/home/1276698,MLSListings,,N,Y,37.441238,-122.1231282
PAST SALE,,Townhouse,1052 COLORADO Ave,Palo Alto,CA,94303,,2,3.0,,1572,,1981,,,,Sold,,,http://www.redfin.com/CA/Palo-Alto/1052-Colorado-Pl-94303/home/1482662,MLSListings,,N,Y,37.4390231,-122.1164492
PAST SALE,,Single Family Residential,997 VAN AUKEN Cir,Palo Alto,CA,94303,,3,2.0,,1368,6164,1951,,,,Sold,,,http://www.redfin.com/CA/Palo-Alto/997-Van-Auken-Cir-94303/home/593669,MLSListings,,N,Y,37.4396428,-122.1212204
PAST SALE,,Single Family Residential,959 MORENO Ave,Palo Alto,CA,94303,,3,2.0,,1596,6306,1954,,,,Sold,,,http://www.redfin.com/CA/Palo-Alto/959-Moreno-Ave-94303/home/593535,MLSListings,,N,Y,37.4412778,-122.1247588
PAST SALE,May-28-2014,Single Family Residential,929 VAN AUKEN Cir,Palo Alto,CA,94303,1630000,3,1.0,Greer Park Subdivision,1118,6020,1951,1884,1458,,Sold,,,http://www.redfin.com/CA/Palo-Alto/929-Van-Auken-Cir-94303/home/592601,MLSListings,ML81414515,N,Y,37.4399119,-122.1220634
PAST SALE,,Single Family Residential,985 Amarillo Ave,Palo Alto,CA,94303,355000,3,2.0,,1664,7539,1985,,213,,,,,http://www.redfin.com/CA/Palo-Alto/985-Amarillo-Ave-94303/home/1629162,,,N,Y,37.4409305,-122.1229064
PAST SALE,,Single Family Residential,1041 Amarillo Ave,Palo Alto,CA,94303,410000,4,3.0,,1775,7248,1946,,231,,,,,http://www.redfin.com/CA/Palo-Alto/1041-Amarillo-Ave-94303/home/779548,,,N,Y,37.4420911,-122.1217972
PAST SALE,,Single Family Residential,1075 Metro Cir,Palo Alto,CA,94303,186000,3,1.0,,1118,7064,1951,,166,,,,,http://www.redfin.com/CA/Palo-Alto/1075-Metro-Cir-94303/home/1196734,,,N,Y,37.4415202,-122.1204661
PAST SALE,,Single Family Residential,140 ISLAND Dr,Palo Alto,CA,94301,,4,5.0,,3283,16729,1929,,,,Sold,,,http://www.redfin.com/CA/Palo-Alto/140-Island-Dr-94301/home/1796488,MLSListings,,N,Y,37.4542057,-122.1407853
PAST SALE,,Single Family Residential,79 CRESCENT Dr,Palo Alto,CA,94301,,4,4.0,,3348,17150,1926,,,,Sold,,,http://www.redfin.com/CA/Palo-Alto/79-Crescent-Dr-94301/home/1783529,MLSListings,,N,Y,37.4577138,-122.1436687
PAST SALE,,Single Family Residential,1330 COMMUNITY Ln,Palo Alto,CA,94301,,3,2.0,,1428,3000,1973,,,,Sold,,,http://www.redfin.com/CA/Palo-Alto/1330-Community-Ln-94301/home/1560327,MLSListings,,N,Y,37.4450367,-122.141495
PAST SALE,,Single Family Residential,558 TENNYSON Ave,Palo Alto,CA,94301,,4,3.0,,2420,7504,1927,,,,Sold,,,http://www.redfin.com/CA/Palo-Alto/558-Tennyson-Ave-94301/home/1391043,MLSListings,,N,Y,37.43887,-122.1419386
PAST SALE,,Single Family Residential,678 TENNYSON Ave,Palo Alto,CA,94301,,4,2.5,,2700,7500,1964,,,,Sold,,,http://www.redfin.com/CA/Palo-Alto/678-Tennyson-Ave-94301/home/1253549,MLSListings,,N,Y,37.4401834,-122.1406965
PAST SALE,,Single Family Residential,1280 PINE St,Palo Alto,CA,94301,,4,3.0,,2267,5520,2000,,,,Sold,,,http://www.redfin.com/CA/Palo-Alto/1280-Pine-St-94301/home/1225782,MLSListings,,N,Y,37.4447563,-122.1411845
PAST SALE,July-31-2015,Single Family Residential,660 seale Ave,PALO ALTO,CA,94301,3700000,3,2.0,PALO ALTO,1769,7370,1946,1455,2092,,Sold,,,http://www.redfin.com/CA/Palo-Alto/660-Seale-Ave-94301/home/1069408,MLSListings,ML81484050,N,Y,37.4391935,-122.1396984
PAST SALE,,Single Family Residential,1363 DANA Ave,Palo Alto,CA,94301,,4,3.0,,3440,9839,1938,,,,Sold,,,http://www.redfin.com/CA/Palo-Alto/1363-Dana-Ave-94301/home/961859,MLSListings,,N,Y,37.4537239,-122.1439792
PAST SALE,,Single Family Residential,1143 GREENWOOD Ave,Palo Alto,CA,94301,,3,2.0,,1703,7750,1931,,,,Sold,,,http://www.redfin.com/CA/Palo-Alto/1143-Greenwood-Ave-94301/home/878164,MLSListings,,N,Y,37.4479697,-122.1438683
PAST SALE,May-29-2015,Single Family Residential,802 Center Dr,PALO ALTO,CA,94301,4500000,5,3.5,PALO ALTO,3150,10009,1954,1518,1429,,Sold,,,http://www.redfin.com/CA/Palo-Alto/802-Center-Dr-94301/home/878084,MLSListings,ML81465160,N,Y,37.4509514,-122.1434247
PAST SALE,,Single Family Residential,1970 BYRON St,Palo Alto,CA,94301,,5,3.0,,2255,6600,1951,,,,Sold,,,http://www.redfin.com/CA/Palo-Alto/1970-Byron-St-94301/home/590213,MLSListings,,N,Y,37.4384288,-122.1392557
PAST SALE,,Single Family Residential,1718 WAVERLEY St,Palo Alto,CA,94301,5800000,5,6.0,,5110,10027,2011,,,,Sold,,,http://www.redfin.com/CA/Palo-Alto/1718-Waverley-St-94301/home/17955061,MLSListings,,N,Y,37.4372721,-122.1453543
PAST SALE,,Single Family Residential,1420 PITMAN Ave,Palo Alto,CA,94301,,5,4.0,,3088,11136,1957,,,,Sold,,,http://www.redfin.com/CA/Palo-Alto/1420-Pitman-Ave-94301/home/544834,MLSListings,,N,Y,37.4513776,-122.1422048
PAST SALE,,Single Family Residential,1458 DANA Ave,Palo Alto,CA,94301,,3,2.0,,2614,7785,1936,,,,Sold,,,http://www.redfin.com/CA/Palo-Alto/1458-Dana-Ave-94301/home/543772,MLSListings,,N,Y,37.4522722,-122.1401198
PAST SALE,March-11-2016,Single Family Residential,1625 Madrono Ave,PALO ALTO,CA,94306,2800000,3,2.0,PALO ALTO,1751,5776,1938,1231,1599,,Sold,,,http://www.redfin.com/CA/Palo-Alto/1625-Madrono-Ave-94306/home/592393,MLSListings,ML81564820,N,Y,37.4321732,-122.1512317
PAST SALE,,Unknown,880 Altaire Walk,Palo Alto,CA,94303,766000,,,,,,,,,,,,,http://www.redfin.com/CA/Palo-Alto/880-Altaire-Walk-94303/home/37502182,,,N,Y,37.424384,-122.1023487
